aX,aY,aZ,gX,gY,gZ
18.723,-6.965,0.663,-0.713,-0.306,-0.455
18.658,-6.232,-0.347,-0.865,-0.014,-0.617
19.108,-6.179,-1.599,-0.904,0.661,-0.834
20.638,-7.353,-2.830,-0.710,1.289,-1.000
21.861,-7.992,-4.089,-0.286,2.019,-1.215
23.621,-8.784,-6.835,0.605,3.194,-1.589
25.525,-9.510,-9.479,1.385,4.353,-1.935
26.489,-9.807,-12.268,2.161,5.686,-2.343
25.549,-9.773,-15.347,3.074,7.562,-2.982
23.770,-9.677,-17.097,3.652,8.731,-3.539
21.055,-9.728,-18.988,4.137,8.731,-4.150
17.047,-9.457,-21.478,4.650,8.731,-5.056
13.159,-9.129,-23.274,4.944,8.731,-5.804
8.552,-8.808,-24.847,5.195,8.731,-6.580
1.571,-7.942,-26.619,5.472,8.731,-7.552
-3.754,-6.553,-27.382,5.608,8.731,-8.159
-9.606,-3.967,-27.102,5.574,8.731,-8.731
-13.618,-2.315,-25.956,5.327,8.731,-8.731
-16.685,-0.840,-24.644,4.859,8.731,-8.731
-17.973,0.915,-21.579,3.944,8.731,-8.731
-17.540,1.927,-19.094,3.122,8.731,-8.710
-16.788,2.528,-16.257,2.218,8.731,-8.431
-15.948,2.753,-12.203,1.226,8.731,-8.074
-15.862,2.658,-9.629,0.619,8.731,-7.878
-16.118,2.243,-7.084,0.036,8.731,-7.672
-16.678,1.262,-3.041,-0.478,8.731,-7.354
-17.028,0.306,-0.273,-0.706,8.731,-7.111
-17.499,-0.553,2.514,-0.851,8.731,-6.865
-18.438,-1.798,5.962,-0.892,8.731,-6.452
-19.450,-2.298,8.377,-0.855,8.731,-6.116
-20.830,-2.557,11.042,-0.741,8.731,-5.745
-28.615,1.618,22.180,0.347,8.731,-3.737
-30.095,4.125,24.071,0.470,8.731,-3.239
-31.563,7.570,26.063,0.481,7.076,-2.510
-32.520,9.459,27.186,0.351,5.728,-1.938
-32.939,10.855,27.749,0.155,4.344,-1.376
-33.279,11.353,27.847,-0.167,2.509,-0.655
-33.361,11.059,27.567,-0.401,1.155,-0.155
-33.193,10.362,26.887,-0.627,-0.160,0.322
-32.315,9.024,25.405,-0.878,-1.810,0.877
-31.441,7.582,24.186,-0.995,-2.948,1.228
-30.270,6.167,22.889,-1.022,-4.012,1.534
-28.455,4.666,21.160,-0.969,-5.296,1.852
-27.157,3.780,19.948,-0.900,-6.175,2.050
-25.893,3.184,18.929,-0.810,-6.974,2.227
-24.263,2.607,17.487,-0.676,-7.945,2.406
-23.152,2.373,16.434,-0.573,-8.621,2.509
-22.199,2.332,15.361,-0.471,-8.731,2.589
-21.325,2.339,13.764,-0.328,-8.731,2.683
-20.267,2.224,12.634,-0.240,-8.731,2.751
-19.297,2.116,11.703,-0.177,-8.731,2.809
-18.045,2.236,10.309,-0.103,-8.731,2.879
-17.193,2.423,9.170,-0.072,-8.731,2.908
-16.336,2.648,8.112,-0.048,-8.731,2.907
-15.162,2.875,6.699,-0.039,-8.731,2.861
-14.155,3.002,5.624,-0.044,-8.731,2.799
-13.099,3.019,4.554,-0.053,-8.731,2.723
-11.322,2.952,3.081,-0.070,-8.731,2.605
-9.790,2.820,2.059,-0.099,-8.731,2.501
-8.234,2.614,1.087,-0.147,-8.731,2.395
-5.401,2.270,-0.644,-0.209,-8.731,2.246
-2.428,1.686,-2.193,-0.310,-8.731,2.125
2.131,-0.089,-3.194,-0.638,-8.731,1.861
5.231,-1.494,-3.608,-1.004,-8.731,1.597
7.877,-1.539,-4.183,-1.423,-8.731,1.272
17.447,-2.567,-12.598,-3.289,-5.052,-2.083
22.034,-4.456,-15.890,-2.774,-2.853,-3.028
25.352,-8.564,-19.017,-1.756,0.455,-4.334
24.354,-10.324,-21.155,-0.907,3.039,-5.109
21.711,-10.362,-22.668,-0.164,5.575,-5.621
16.858,-9.230,-22.924,0.605,8.599,-6.030
12.483,-8.593,-22.446,1.071,8.731,-6.187
8.133,-7.800,-21.292,1.523,8.731,-6.214
3.378,-5.610,-18.931,2.064,8.731,-6.104
0.869,-2.890,-16.886,2.365,8.731,-5.957
-0.781,0.287,-14.854,2.530,8.731,-5.791
-2.011,4.939,-11.806,2.448,8.731,-5.582
-2.667,8.083,-9.273,2.136,8.731,-5.460
-3.457,10.271,-6.349,1.656,8.731,-5.391
-4.745,11.794,-1.860,0.875,8.731,-5.356
-5.708,12.060,1.578,0.256,8.731,-5.357
-6.488,11.710,5.289,-0.304,8.731,-5.371
-8.078,11.097,10.810,-0.945,8.731,-5.434
-9.036,10.209,14.272,-1.330,8.731,-5.333
-9.615,9.953,18.220,-1.557,8.731,-5.223
-12.330,9.187,23.236,-1.496,7.637,-4.953
-13.709,8.875,25.685,-1.307,6.223,-4.488
-14.207,9.479,27.083,-1.116,4.808,-3.949
-14.875,10.300,27.782,-0.933,2.979,-3.192
-14.918,10.642,27.265,-0.828,1.680,-2.569
-14.755,10.379,25.972,-0.764,0.517,-1.958
-13.477,9.024,23.097,-0.695,-0.876,-1.181
-12.265,7.788,20.724,-0.685,-1.696,-0.705
-10.613,5.598,17.590,-0.680,-2.520,-0.172
-9.507,3.637,15.292,-0.664,-2.960,0.154
-6.167,-1.851,8.049,-0.281,-3.333,0.879
-5.765,-2.260,6.879,-0.163,-3.137,0.941
-5.679,-2.246,6.419,-0.094,-2.929,0.973
-5.784,-1.954,6.237,-0.033,-2.635,1.008
-5.966,-1.693,6.383,-0.015,-2.428,1.057
-6.191,-1.501,6.723,-0.023,-2.248,1.138
-6.325,-1.228,7.262,-0.044,-2.051,1.258
-6.438,-1.082,7.748,-0.055,-1.936,1.345
-6.505,-1.046,8.250,-0.057,-1.872,1.443
-6.424,-0.936,8.873,-0.047,-1.840,1.581
-6.299,-0.742,9.261,-0.026,-1.846,1.680
-6.127,-0.493,9.637,0.010,-1.875,1.780
-5.808,-0.031,9.957,0.070,-1.940,1.917
-5.519,0.376,10.075,0.117,-2.005,2.019
-5.162,0.766,10.082,0.157,-2.078,2.124
-4.590,1.302,10.003,0.199,-2.158,2.251
-4.199,1.645,9.890,0.226,-2.215,2.332
-3.836,1.882,9.728,0.246,-2.269,2.402
-3.484,2.064,9.503,0.267,-2.331,2.481
-3.148,2.124,9.330,0.274,-2.370,2.526
-2.919,2.126,9.203,0.280,-2.399,2.556
-2.622,2.049,9.055,0.298,-2.429,2.588
-2.258,2.040,8.904,0.315,-2.446,2.596
-1.997,1.913,8.751,0.336,-2.453,2.586
-1.729,1.520,8.602,0.368,-2.462,2.554
-1.427,1.202,8.499,0.389,-2.463,2.507
-1.166,0.883,8.408,0.406,-2.459,2.446
-0.804,0.637,8.250,0.430,-2.444,2.347
-0.608,0.517,8.169,0.447,-2.416,2.259
-0.498,0.421,8.064,0.471,-2.381,2.169
-0.388,0.340,8.021,0.505,-2.325,2.050
-0.271,0.321,7.985,0.533,-2.289,1.975
-0.098,0.338,8.001,0.565,-2.247,1.904
0.122,0.469,8.030,0.607,-2.186,1.806
0.333,0.608,7.987,0.631,-2.134,1.727
0.431,0.709,7.956,0.643,-2.077,1.642
0.713,0.972,7.994,0.634,-1.980,1.528
0.922,1.211,7.784,0.590,-1.937,1.418
0.924,1.173,7.784,0.523,-1.819,1.335
0.946,1.192,7.918,0.467,-1.686,1.261
0.972,1.204,8.064,0.422,-1.547,1.166
1.075,1.310,8.088,0.400,-1.474,1.085
1.223,1.446,8.085,0.377,-1.386,0.983
1.391,1.609,8.124,0.335,-1.247,0.829
1.420,1.645,8.217,0.304,-1.131,0.711
1.322,1.590,8.298,0.270,-1.047,0.608
1.324,1.628,8.313,0.221,-0.958,0.482
1.226,1.604,8.377,0.184,-0.885,0.399
1.192,1.638,8.411,0.148,-0.829,0.321
1.113,1.760,8.485,0.111,-0.747,0.216
1.061,1.901,8.514,0.087,-0.694,0.137
0.970,2.100,8.590,0.064,-0.645,0.060
0.867,2.334,8.686,0.039,-0.607,-0.007
0.682,2.636,8.748,-0.016,-0.580,-0.075
0.606,2.761,8.823,-0.072,-0.571,-0.103
0.364,2.863,8.940,-0.150,-0.564,-0.111
0.218,2.907,9.079,-0.199,-0.569,-0.100
0.153,2.959,9.203,-0.235,-0.584,-0.080
0.050,2.983,9.409,-0.254,-0.617,-0.043
-0.026,2.976,9.493,-0.246,-0.657,-0.008
-0.105,2.947,9.577,-0.225,-0.698,0.033
-0.168,2.895,9.661,-0.187,-0.767,0.092
-0.160,2.866,9.699,-0.156,-0.825,0.139
-0.129,2.871,9.752,-0.122,-0.881,0.186
-0.204,2.830,9.761,-0.073,-0.957,0.250
-0.220,2.813,9.737,-0.034,-1.015,0.302
-0.225,2.866,9.701,0.011,-1.068,0.351
-0.168,3.019,9.673,0.077,-1.138,0.410
-0.158,3.084,9.596,0.126,-1.195,0.447
-0.148,3.127,9.491,0.165,-1.252,0.485
-0.067,3.182,9.340,0.200,-1.326,0.529
0.017,3.242,9.234,0.213,-1.371,0.552
0.108,3.323,9.155,0.219,-1.403,0.563
0.208,3.433,9.017,0.220,-1.431,0.560
0.290,3.596,8.923,0.215,-1.445,0.552
0.402,3.737,8.811,0.199,-1.456,0.537
0.472,3.828,8.741,0.168,-1.458,0.520
0.558,3.891,8.626,0.117,-1.447,0.496
0.608,3.926,8.588,0.072,-1.437,0.483
0.675,4.017,8.578,0.025,-1.424,0.475
0.828,4.159,8.566,-0.054,-1.402,0.472
0.883,4.166,8.545,-0.127,-1.381,0.480
1.022,4.128,8.574,-0.203,-1.352,0.496
1.192,4.073,8.562,-0.305,-1.304,0.491
1.142,3.821,8.619,-0.370,-1.249,0.508
1.130,3.625,8.724,-0.418,-1.201,0.533
1.111,3.328,8.851,-0.444,-1.159,0.572
1.176,3.148,8.902,-0.443,-1.145,0.601
1.281,3.033,8.971,-0.429,-1.128,0.621
1.444,2.909,9.057,-0.395,-1.091,0.633
1.470,2.794,9.151,-0.357,-1.059,0.641
1.470,2.677,9.187,-0.308,-1.042,0.656
1.518,2.658,9.218,-0.228,-1.025,0.677
1.494,2.631,9.210,-0.164,-1.017,0.701
1.480,2.576,9.184,-0.105,-1.022,0.738
1.513,2.576,9.184,-0.031,-1.028,0.793
1.516,2.555,9.179,0.021,-1.036,0.836
1.568,2.550,9.127,0.067,-1.050,0.873
1.697,2.591,9.060,0.120,-1.059,0.908
1.769,2.622,8.981,0.148,-1.065,0.923
1.820,2.655,8.899,0.160,-1.067,0.929
1.889,2.689,8.803,0.154,-1.056,0.930
1.968,2.749,8.751,0.137,-1.039,0.926
2.030,2.799,8.677,0.114,-1.011,0.913
2.133,2.856,8.593,0.087,-0.976,0.891
2.217,2.837,8.514,0.049,-0.920,0.847
2.301,2.792,8.464,0.020,-0.876,0.807
2.339,2.715,8.425,-0.008,-0.830,0.761
2.389,2.567,8.384,-0.045,-0.768,0.701
2.428,2.437,8.341,-0.074,-0.722,0.659
2.452,2.272,8.305,-0.102,-0.675,0.619
2.468,2.061,8.365,-0.132,-0.611,0.570
2.495,1.937,8.411,-0.146,-0.569,0.534
2.519,1.863,8.487,-0.151,-0.530,0.495
2.521,1.781,8.571,-0.145,-0.484,0.444
2.478,1.714,8.626,-0.136,-0.455,0.407
2.418,1.642,8.686,-0.125,-0.434,0.377
2.389,1.611,8.746,-0.109,-0.414,0.343
2.387,1.618,8.775,-0.097,-0.402,0.317
2.377,1.616,8.820,-0.084,-0.394,0.296
2.358,1.645,8.906,-0.064,-0.386,0.274
2.399,1.724,8.930,-0.051,-0.390,0.257
2.401,1.784,8.964,-0.038,-0.391,0.242
2.421,1.879,8.959,-0.025,-0.395,0.226
2.433,1.946,8.952,-0.017,-0.398,0.216
2.423,1.997,8.918,-0.009,-0.406,0.209
2.409,2.069,8.902,-0.003,-0.418,0.206
2.397,2.083,8.863,-0.003,-0.431,0.208
2.428,2.107,8.835,-0.006,-0.446,0.212
2.492,2.181,8.813,-0.008,-0.460,0.208

20.688,-6.467,-2.361,0.878,2.204,-0.676
22.960,-8.045,-3.474,1.214,2.838,-0.883
25.206,-10.094,-6.776,1.847,3.931,-1.241
26.887,-11.128,-9.931,2.425,5.039,-1.591
28.678,-12.345,-12.318,3.049,6.331,-2.057
29.485,-14.214,-15.919,3.985,8.390,-2.839
28.280,-15.201,-18.838,4.726,8.731,-3.534
25.546,-15.663,-21.780,5.470,8.731,-4.316
19.855,-15.395,-25.920,6.429,8.731,-5.459
14.138,-14.516,-29.094,7.067,8.731,-6.336
7.678,-13.034,-32.317,7.592,8.731,-7.169
-1.721,-10.029,-36.018,8.068,8.731,-8.122
-9.019,-6.917,-37.476,8.173,8.731,-8.662
-17.626,-2.284,-37.060,7.866,8.731,-8.731
-22.292,0.972,-34.970,7.286,8.731,-8.731
-25.015,3.378,-31.845,6.463,8.731,-8.731
-25.647,5.241,-26.470,5.180,8.731,-8.731
-24.696,6.297,-21.823,4.195,8.731,-8.731
-23.169,7.082,-16.779,3.278,8.731,-8.604
-21.256,7.477,-10.214,2.213,8.731,-8.323
-20.243,7.582,-5.619,1.515,8.731,-8.111
-19.537,7.628,-1.290,0.902,8.731,-7.873
-19.350,7.927,4.149,0.194,8.731,-7.560
-19.439,7.875,8.138,-0.282,8.731,-7.221
-19.697,7.776,12.538,-0.680,8.731,-6.854
-20.645,7.111,18.026,-0.914,8.731,-6.293
-21.380,6.761,21.943,-0.907,8.731,-5.798
-22.369,6.697,25.252,-0.766,8.731,-5.202
-23.466,7.123,28.781,-0.525,8.731,-4.298
-25.549,9.984,31.630,0.019,2.749,-0.973
-25.065,9.567,29.509,-0.017,0.967,-0.066
-24.409,8.753,27.382,-0.082,-0.220,0.530
-23.638,7.628,24.986,-0.162,-1.261,1.045
-22.350,6.227,21.816,-0.272,-2.409,1.581
-21.498,5.258,19.589,-0.324,-3.111,1.895
-20.535,4.769,17.593,-0.353,-3.694,2.158
-19.369,4.817,15.419,-0.386,-4.316,2.430
-18.610,5.047,14.092,-0.434,-4.695,2.607
-17.937,5.432,13.113,-0.530,-4.995,2.768
-17.274,5.839,12.160,-0.736,-5.327,2.960
-17.013,5.555,11.858,-0.911,-5.535,3.101
-16.661,5.207,12.038,-1.051,-5.735,3.247
-16.022,4.537,12.450,-1.145,-6.084,3.404
-15.701,3.809,12.941,-1.136,-6.395,3.483
-15.421,3.148,13.544,-1.058,-6.753,3.543
-14.789,3.158,14.238,-0.896,-7.319,3.624
-14.238,3.680,14.607,-0.800,-7.779,3.693
-13.858,4.544,14.782,-0.756,-8.277,3.781
-13.525,6.196,14.583,-0.814,-8.731,3.947
-13.379,7.341,14.092,-0.953,-8.731,4.102
-13.173,8.246,13.336,-1.169,-8.731,4.275
-12.603,9.201,11.897,-1.563,-8.731,4.507
-11.990,9.649,10.556,-1.922,-8.731,4.646
-11.365,9.785,8.947,-2.317,-8.731,4.735
-10.534,9.297,6.539,-2.872,-8.731,4.804
-9.661,8.739,4.798,-3.278,-8.731,4.802
-8.799,7.920,3.120,-3.657,-8.731,4.749
-7.901,6.333,0.950,-4.095,-8.731,4.635
-7.233,4.865,-0.450,-4.353,-8.731,4.535
-5.933,2.485,-1.966,-4.587,-8.731,4.371
-4.302,0.323,-3.055,-4.699,-8.731,4.222
-1.858,-1.844,-4.070,-4.804,-8.731,4.020
16.949,-13.510,-7.324,-4.213,-8.731,1.763
22.790,-15.991,-8.847,-3.505,-8.731,1.039
30.847,-19.055,-12.404,-2.091,-7.459,0.007
35.760,-21.354,-15.998,-0.787,-4.990,-0.801
38.688,-22.790,-19.747,0.596,-2.160,-1.627
38.307,-22.216,-24.246,2.376,1.842,-2.757
35.228,-19.688,-27.550,3.507,4.824,-3.560
29.753,-16.254,-30.229,4.344,7.640,-4.320
20.308,-11.942,-32.276,5.021,8.731,-5.260
13.336,-9.184,-32.578,5.194,8.731,-5.925
7.302,-6.816,-31.814,5.081,8.731,-6.531
1.539,-4.338,-29.401,4.587,8.731,-7.207
-1.037,-3.072,-26.825,4.056,8.731,-7.591
-2.502,-2.126,-23.741,3.484,8.731,-7.872
-3.201,-1.389,-18.818,2.755,8.731,-8.122
-3.237,-1.085,-14.985,2.265,8.731,-8.249
-3.199,-0.527,-11.123,1.826,8.731,-8.327
-3.294,1.362,-6.215,1.271,8.731,-8.325
-3.677,3.378,-2.655,0.817,8.731,-8.244
-4.678,5.784,2.277,0.137,8.731,-8.033
-5.720,6.900,6.170,-0.378,8.731,-7.784
-6.907,7.355,10.096,-0.851,8.731,-7.461
-8.045,6.948,15.320,-1.314,8.731,-6.937
-10.549,5.818,19.216,-1.506,8.731,-6.540
-11.930,4.628,22.386,-1.534,8.731,-5.957
-14.315,4.259,26.882,-1.398,8.347,-5.202
-16.508,3.812,29.272,-0.955,6.970,-4.518
-17.772,4.350,30.579,-0.409,5.548,-3.757
-18.581,5.538,30.337,0.263,3.687,-2.659
-18.708,6.354,28.850,0.594,2.392,-1.873
-18.443,6.663,26.571,0.793,1.216,-1.155
-14.174,3.496,12.598,0.903,-1.938,0.470
-13.048,3.010,10.029,0.828,-2.127,0.483
-12.074,2.626,7.997,0.721,-2.171,0.419
-10.829,2.428,5.997,0.573,-2.045,0.291
-10.015,2.354,5.001,0.465,-1.854,0.189
-9.244,2.418,4.436,0.352,-1.608,0.080
-8.480,2.468,4.281,0.195,-1.246,-0.058
-8.112,2.485,4.559,0.087,-0.984,-0.129
-7.896,2.476,5.083,-0.011,-0.737,-0.156
-7.776,2.765,6.086,-0.092,-0.450,-0.108
-7.738,3.244,6.914,-0.122,-0.296,-0.008
-7.719,3.974,7.764,-0.153,-0.189,0.151
-7.681,4.913,8.835,-0.216,-0.135,0.406
-7.690,5.315,9.663,-0.268,-0.156,0.625
-7.633,5.440,10.400,-0.300,-0.234,0.851
-7.369,5.306,11.219,-0.314,-0.414,1.140
-6.998,4.973,11.715,-0.299,-0.596,1.346
-6.361,4.389,12.198,-0.253,-0.872,1.602
-5.993,3.838,12.333,-0.213,-1.068,1.791
-5.511,3.326,12.373,-0.159,-1.251,1.978
-4.764,2.871,12.227,-0.034,-1.513,2.146
-4.259,2.672,11.942,0.099,-1.723,2.208
-3.804,2.504,11.574,0.259,-1.943,2.231
-3.069,2.526,10.932,0.446,-2.213,2.209
-2.471,2.571,10.388,0.525,-2.382,2.162
-1.812,2.602,9.787,0.532,-2.512,2.087
-1.147,2.473,9.029,0.440,-2.615,1.956
-0.704,2.277,8.478,0.332,-2.648,1.840
-0.330,2.002,7.989,0.218,-2.647,1.710
0.160,1.504,7.398,0.084,-2.604,1.522
0.500,1.142,7.005,0.002,-2.541,1.367
0.836,0.781,6.656,-0.067,-2.456,1.204
1.089,0.414,6.388,-0.119,-2.348,1.045
1.482,0.012,6.136,-0.155,-2.174,0.850
1.755,-0.225,5.976,-0.167,-2.017,0.710
1.978,-0.414,5.856,-0.168,-1.844,0.579
2.191,-0.524,5.782,-0.168,-1.594,0.402
2.298,-0.481,5.782,-0.172,-1.401,0.273
2.421,-0.299,5.885,-0.186,-1.142,0.113
2.411,-0.151,6.072,-0.199,-0.951,0.004
2.394,0.010,6.297,-0.205,-0.768,-0.081
2.195,0.180,6.692,-0.203,-0.541,-0.163
2.028,0.318,7.008,-0.187,-0.389,-0.199
1.822,0.551,7.365,-0.167,-0.259,-0.219
1.863,1.025,7.822,-0.145,-0.126,-0.236
1.463,1.377,8.085,-0.146,-0.064,-0.270
1.410,1.776,8.303,-0.211,-0.022,-0.280
0.953,2.411,9.007,-0.269,0.052,-0.293
0.541,2.591,9.546,-0.245,0.035,-0.277
0.086,2.780,9.972,-0.157,-0.040,-0.237
-0.110,2.983,10.252,-0.031,-0.183,-0.158
-0.448,2.895,10.364,0.041,-0.281,-0.056
-0.448,2.899,10.444,0.085,-0.382,0.048
-0.687,2.780,10.657,0.135,-0.516,0.188
-0.505,2.804,10.678,0.196,-0.642,0.288
-0.417,2.935,10.640,0.249,-0.754,0.337
-0.376,3.105,10.357,0.301,-0.907,0.366
-0.323,3.280,10.077,0.306,-1.020,0.364
-0.254,3.479,9.804,0.281,-1.117,0.350
-0.263,3.701,9.483,0.237,-1.211,0.331
-0.218,3.840,9.227,0.207,-1.263,0.327
-0.146,3.984,8.971,0.169,-1.303,0.321
-0.041,4.070,8.562,0.095,-1.340,0.306
0.062,4.140,8.313,0.013,-1.347,0.278
0.103,4.128,8.128,-0.077,-1.334,0.244
0.081,4.017,7.954,-0.187,-1.297,0.197
0.007,3.879,7.889,-0.250,-1.260,0.174
-0.007,3.785,7.848,-0.296,-1.225,0.159
0.010,3.670,7.848,-0.340,-1.172,0.152
0.115,3.709,7.858,-0.355,-1.132,0.132
0.089,3.620,7.913,-0.360,-1.092,0.106
0.096,3.510,7.946,-0.357,-1.039,0.088
0.084,3.433,7.970,-0.357,-1.001,0.084
0.113,3.388,8.030,-0.367,-0.963,0.084
0.120,3.366,8.095,-0.391,-0.916,0.090
0.127,3.395,8.231,-0.433,-0.838,0.117
0.079,3.390,8.361,-0.463,-0.779,0.148
0.041,3.321,8.985,-0.447,-0.632,0.315
0.045,3.280,9.012,-0.416,-0.628,0.331
0.110,3.230,9.005,-0.383,-0.625,0.339
0.113,3.077,8.985,-0.338,-0.613,0.357
0.151,2.983,8.961,-0.301,-0.600,0.382
0.206,2.935,8.976,-0.263,-0.584,0.408
0.235,2.878,9.000,-0.202,-0.571,0.449
0.271,2.835,9.000,-0.153,-0.573,0.485
0.254,2.672,8.954,-0.101,-0.582,0.531
0.402,2.634,8.952,-0.053,-0.574,0.562
0.687,2.507,8.660,-0.051,-0.589,0.573
0.678,2.337,8.715,-0.081,-0.479,0.571
0.575,2.195,8.780,-0.071,-0.428,0.539
0.575,2.095,8.825,-0.049,-0.402,0.524
0.599,2.061,8.832,-0.007,-0.399,0.501
0.622,2.016,8.801,0.039,-0.400,0.438
0.575,1.942,8.751,0.063,-0.394,0.402
0.675,1.980,8.792,0.066,-0.361,0.359
0.558,1.899,8.871,0.064,-0.330,0.318
0.634,1.894,8.825,0.051,-0.302,0.279
0.630,1.846,8.911,0.028,-0.252,0.244
0.599,1.786,8.969,0.014,-0.220,0.217
0.613,1.738,9.052,0.001,-0.182,0.175
0.563,1.674,9.122,0.001,-0.158,0.149
0.558,1.681,9.179,0.007,-0.144,0.124
0.567,1.743,9.278,0.016,-0.125,0.078
0.474,1.757,9.364,0.031,-0.116,0.047
0.448,1.815,9.433,0.052,-0.123,0.024
0.393,1.927,9.505,0.071,-0.135,-0.001
0.340,2.016,9.550,0.078,-0.145,-0.003
0.311,2.119,9.613,0.075,-0.158,-0.004
0.268,2.174,9.670,0.070,-0.181,0.002
0.211,2.195,9.747,0.073,-0.204,0.010
0.177,2.203,9.778,0.085,-0.238,0.023
0.194,2.239,9.795,0.102,-0.276,0.033
0.237,2.289,9.816,0.130,-0.332,0.041
0.316,2.344,9.799,0.146,-0.377,0.042
0.376,2.411,9.713,0.154,-0.416,0.042
0.460,2.490,9.589,0.152,-0.459,0.040
0.510,2.533,9.493,0.144,-0.484,0.038
0.589,2.619,9.392,0.131,-0.503,0.036
0.658,2.689,9.285,0.106,-0.520,0.032
0.721,2.720,9.225,0.084,-0.532,0.029
0.788,2.775,9.139,0.056,-0.539,0.025
0.836,2.804,9.064,0.018,-0.545,0.021
0.898,2.849,9.026,-0.007,-0.550,0.012
0.953,2.887,8.985,-0.030,-0.556,0.003
1.044,2.950,8.942,-0.055,-0.563,-0.011
0.994,2.971,8.866,-0.096,-0.572,-0.015
1.178,3.237,8.784,-0.136,-0.569,-0.021
1.216,3.302,8.777,-0.199,-0.558,-0.054
1.190,3.263,8.782,-0.234,-0.551,-0.070
1.185,3.199,8.796,-0.260,-0.549,-0.074
1.250,3.213,8.799,-0.283,-0.541,-0.072
1.286,3.175,8.792,-0.294,-0.537,-0.059

21.311,-6.191,-2.160,1.125,2.187,-0.841
23.094,-7.163,-3.244,1.367,2.833,-1.077
25.043,-8.418,-4.791,1.753,3.899,-1.467
25.788,-9.323,-6.316,2.148,4.914,-1.831
26.049,-10.178,-8.502,2.686,6.142,-2.249
25.599,-10.963,-12.213,3.519,8.063,-2.917
24.009,-11.143,-15.172,4.143,8.731,-3.515
20.042,-11.133,-19.240,4.923,8.731,-4.409
15.938,-10.975,-22.345,5.419,8.731,-5.123
11.181,-10.429,-25.125,5.811,8.731,-5.847
4.209,-8.933,-28.106,6.155,8.731,-6.765
-0.917,-7.484,-29.609,6.215,8.731,-7.379
-5.665,-5.938,-30.507,6.088,8.731,-7.882
-10.108,-3.445,-30.605,5.596,8.731,-8.345
-12.043,-1.286,-29.935,4.959,8.731,-8.547
-13.245,0.814,-28.541,4.143,8.731,-8.641
-13.781,3.280,-25.458,2.932,8.731,-8.625
-13.487,4.767,-22.570,2.004,8.731,-8.539
-13.115,5.830,-19.606,1.093,8.731,-8.410
-12.847,7.075,-15.490,-0.100,8.731,-8.225
-13.185,7.286,-12.663,-0.995,8.731,-8.012
-13.582,6.891,-9.151,-1.817,8.731,-7.783
-14.612,5.420,-3.266,-2.614,8.731,-7.468
-15.459,3.558,1.245,-2.949,8.731,-7.162
-17.052,1.525,6.230,-3.021,8.731,-6.792
-19.364,-0.464,13.082,-2.767,8.731,-6.165
-21.344,-1.267,18.471,-2.366,8.731,-5.607
-24.011,-1.046,25.589,-1.583,8.731,-4.745
-26.145,-0.014,30.337,-0.874,8.731,-3.984
-31.005,12.407,34.888,1.014,4.040,-0.088
-30.981,15.718,31.728,0.758,1.801,0.957
-30.126,17.063,29.032,0.346,0.282,1.610
-28.510,16.621,26.166,-0.194,-1.062,2.131
-26.207,13.834,22.417,-0.889,-2.607,2.594
-24.512,11.059,19.652,-1.277,-3.591,2.802
-22.865,8.282,17.219,-1.534,-4.399,2.907
-20.681,4.922,14.578,-1.653,-5.244,2.951
-19.199,2.895,13.063,-1.604,-5.712,2.954
-17.813,1.487,11.832,-1.464,-6.067,2.965
-16.391,0.725,10.609,-1.209,-6.401,3.013
-15.505,1.025,9.969,-1.031,-6.566,3.082
-14.681,1.767,9.560,-0.911,-6.680,3.165
-13.791,2.703,9.333,-0.864,-6.780,3.337
-13.199,3.587,9.579,-0.908,-6.846,3.505
-12.752,4.204,9.931,-1.015,-6.923,3.689
-12.421,4.140,10.678,-1.200,-7.090,3.913
-12.546,3.728,11.277,-1.306,-7.307,4.066
-12.392,3.223,11.794,-1.374,-7.586,4.198
-11.911,2.523,12.522,-1.381,-8.036,4.250
-11.609,2.006,12.878,-1.324,-8.466,4.222
-11.049,1.475,12.828,-1.183,-8.731,4.140
-10.391,1.413,12.407,-1.059,-8.731,4.043
-9.790,1.535,11.629,-0.952,-8.731,3.928
-8.985,1.918,10.032,-0.871,-8.731,3.784
-8.317,2.298,8.600,-0.873,-8.731,3.692
-7.501,2.691,7.089,-0.930,-8.731,3.605
-6.306,3.053,5.167,-1.090,-8.731,3.473
-5.332,3.206,3.778,-1.256,-8.731,3.368
-4.266,3.254,2.512,-1.445,-8.731,3.236
-2.969,2.933,1.030,-1.720,-8.731,3.020
-2.176,2.476,0.062,-1.929,-8.731,2.856
-1.410,2.047,-0.757,-2.125,-8.731,2.707
-0.292,1.530,-1.695,-2.365,-8.731,2.508
0.496,1.010,-2.188,-2.535,-8.731,2.365
1.156,0.467,-2.600,-2.679,-8.731,2.236
2.030,-0.220,-2.945,-2.816,-8.731,2.092
5.581,-2.236,-3.531,-2.632,-8.731,1.771
6.785,-2.828,-3.460,-2.405,-8.731,1.654
7.803,-3.189,-3.354,-2.210,-8.731,1.568
8.545,-3.524,-3.208,-2.016,-8.731,1.499
9.773,-3.778,-3.170,-1.737,-8.731,1.430
10.551,-3.922,-2.911,-1.539,-8.121,1.394
11.600,-3.931,-2.921,-1.299,-7.495,1.354
13.034,-3.833,-3.010,-0.999,-6.749,1.295
14.222,-3.661,-3.096,-0.784,-6.182,1.221
16.108,-3.515,-3.290,-0.513,-5.415,1.135
17.856,-3.484,-3.531,-0.335,-4.798,1.019
19.343,-3.342,-3.788,-0.193,-4.131,0.851
21.232,-2.792,-4.518,-0.038,-3.191,0.576
22.585,-2.397,-5.339,0.034,-2.414,0.325
24.155,-2.107,-6.213,0.060,-1.559,0.044
26.578,-2.138,-7.372,0.052,-0.332,-0.389
28.352,-2.507,-8.387,0.024,0.663,-0.768
29.935,-3.093,-9.376,-0.020,1.775,-1.220
31.003,-4.451,-10.910,-0.020,3.443,-1.914
30.924,-5.648,-12.584,0.053,4.854,-2.512
29.968,-6.974,-14.674,0.209,6.417,-3.180
27.296,-8.947,-17.640,0.516,8.664,-4.194
23.932,-10.283,-19.838,0.804,8.731,-5.017
19.443,-11.351,-22.223,1.102,8.731,-5.864
12.383,-12.431,-25.359,1.459,8.731,-6.958
7.092,-12.759,-27.028,1.665,8.731,-7.697
2.167,-12.392,-28.070,1.776,8.731,-8.333
-3.407,-11.471,-28.944,1.698,8.731,-8.731
-6.835,-10.530,-29.075,1.492,8.731,-8.731
-9.469,-9.165,-28.520,1.187,8.731,-8.731
-11.803,-6.795,-26.497,0.633,8.731,-8.731
-12.531,1.109,-15.366,-1.652,8.731,-8.570
-13.795,1.530,-10.685,-2.388,8.731,-8.188
-14.909,0.958,-6.615,-2.836,8.731,-7.888
-16.065,-0.208,-1.999,-3.141,8.731,-7.569
-17.700,-1.731,4.951,-3.284,8.731,-7.128
-19.462,-2.686,10.862,-3.162,8.731,-6.737
-22.517,-3.029,19.453,-2.692,8.731,-6.123
-25.285,-2.456,25.778,-2.115,8.731,-5.525
-27.950,-0.795,31.524,-1.425,8.731,-4.761
-31.079,3.139,37.086,-0.529,8.731,-3.513
-33.217,6.807,39.313,-0.013,7.848,-2.481
-34.776,10.341,39.504,0.308,5.722,-1.425
-34.989,13.441,36.988,0.397,2.988,-0.160
-33.519,13.642,33.914,0.270,1.124,0.601
-31.244,12.215,30.177,0.071,-0.522,1.174
-27.722,8.981,24.780,-0.167,-2.327,1.645
-24.916,6.314,20.743,-0.273,-3.373,1.794
-22.225,3.807,16.903,-0.304,-4.164,1.807
-18.646,1.140,12.249,-0.257,-4.829,1.672
-16.154,-0.199,9.242,-0.178,-5.051,1.495
-13.788,-0.994,6.598,-0.096,-5.067,1.278
-11.056,-1.353,3.737,-0.014,-4.805,0.968
-9.201,-1.204,2.047,0.008,-4.441,0.733
-7.568,-0.895,0.809,-0.013,-3.964,0.511
-5.756,-0.618,-0.168,-0.087,-3.214,0.265
-4.640,-0.536,-0.378,-0.157,-2.601,0.123
-3.567,-0.599,-0.184,-0.240,-1.781,-0.008
-3.103,-0.776,0.311,-0.279,-1.192,-0.054
-2.725,-0.783,0.919,-0.294,-0.645,-0.067
-2.418,0.359,5.401,-0.039,1.065,0.132
-2.514,0.747,6.397,0.052,1.220,0.223
-2.636,1.132,7.367,0.144,1.294,0.329
-2.727,1.626,8.557,0.261,1.289,0.475
-2.840,1.963,9.392,0.336,1.216,0.573
-2.854,2.164,9.917,0.388,1.078,0.655
-2.856,2.385,10.578,0.396,0.906,0.735
-2.840,2.567,11.037,0.390,0.730,0.740
-2.892,2.523,11.420,0.384,0.532,0.731
-2.835,2.509,11.674,0.366,0.243,0.688
-2.763,2.483,11.789,0.336,0.020,0.636
-2.605,2.452,11.734,0.287,-0.203,0.573
-2.464,2.346,11.619,0.196,-0.469,0.486
-2.351,2.229,11.507,0.135,-0.653,0.433
-2.224,2.126,11.344,0.085,-0.825,0.390
-2.045,1.920,11.004,0.030,-1.032,0.346
-1.920,1.745,10.721,-0.009,-1.164,0.324
-1.815,1.618,10.460,-0.048,-1.272,0.311
-1.690,1.463,10.166,-0.090,-1.381,0.319
-1.504,1.374,9.953,-0.111,-1.443,0.335
-1.377,1.264,9.682,-0.128,-1.494,0.342
-1.281,1.034,9.349,-0.144,-1.528,0.372
-1.214,0.986,9.182,-0.148,-1.528,0.402
-1.137,1.032,9.081,-0.138,-1.514,0.428
-1.118,1.068,9.019,-0.094,-1.494,0.464
-1.092,1.087,8.973,-0.042,-1.482,0.497
-1.113,1.104,8.914,0.022,-1.465,0.533
-1.176,1.097,8.849,0.109,-1.431,0.592
-1.238,1.097,8.832,0.166,-1.392,0.648
-1.252,1.166,8.842,0.213,-1.351,0.696
-1.365,1.250,8.940,0.257,-1.289,0.741
-1.470,1.300,9.014,0.291,-1.256,0.763
-1.678,1.413,9.062,0.321,-1.226,0.765
-2.047,1.614,9.069,0.362,-1.209,0.754
-2.083,1.796,9.088,0.375,-1.195,0.726
-2.090,1.968,9.239,0.370,-1.183,0.677
-2.239,2.239,9.407,0.359,-1.181,0.599
-2.447,2.478,9.443,0.351,-1.196,0.541
-2.574,2.722,9.373,0.335,-1.213,0.491
-2.629,3.036,9.369,0.290,-1.236,0.424
-2.660,3.244,9.328,0.237,-1.257,0.378
-2.722,3.417,9.294,0.175,-1.273,0.334
-2.847,3.539,9.239,0.098,-1.301,0.286
-2.993,3.598,9.232,0.053,-1.330,0.260
-3.074,3.654,9.167,0.023,-1.369,0.242
-2.978,3.601,9.103,-0.011,-1.421,0.229
-2.880,3.519,9.086,-0.030,-1.454,0.224
-2.732,3.426,9.009,-0.044,-1.484,0.225
-2.516,3.373,8.890,-0.062,-1.507,0.223
-2.461,3.223,8.784,-0.074,-1.507,0.228
-2.370,3.105,8.708,-0.083,-1.493,0.242
-2.222,2.928,8.540,-0.094,-1.467,0.265
-2.133,2.787,8.413,-0.101,-1.434,0.293
-1.951,2.732,8.313,-0.107,-1.394,0.313
-1.745,2.717,8.234,-0.110,-1.327,0.324
-1.657,2.665,8.164,-0.109,-1.270,0.330
-1.583,2.610,8.131,-0.102,-1.209,0.344
-1.444,2.588,8.092,-0.081,-1.128,0.364
-1.346,2.559,8.052,-0.063,-1.065,0.380
-1.264,2.543,8.021,-0.043,-0.993,0.397
-1.183,2.514,7.997,-0.014,-0.894,0.427
-1.142,2.468,8.033,0.012,-0.817,0.455
-1.130,2.397,8.056,0.043,-0.746,0.491
-1.087,2.370,8.073,0.083,-0.648,0.546
-1.027,2.370,8.097,0.106,-0.574,0.582
-1.001,2.365,8.143,0.123,-0.500,0.612
-1.013,2.334,8.234,0.133,-0.408,0.641
-1.006,2.294,8.296,0.135,-0.345,0.655
-0.977,2.248,8.382,0.127,-0.284,0.657
-0.948,2.186,8.490,0.101,-0.211,0.645
-1.080,2.133,8.602,0.079,-0.156,0.625
-0.996,2.188,8.844,0.055,-0.094,0.598
-0.795,2.401,8.650,0.007,-0.106,0.501
-1.094,2.172,8.784,-0.061,0.037,0.458
-1.312,2.088,9.220,-0.070,0.119,0.448
-1.472,1.956,9.560,-0.054,0.055,0.435
-1.535,1.875,9.697,0.004,-0.082,0.444
-1.393,1.920,9.622,0.055,-0.212,0.434
-1.314,1.877,9.505,0.096,-0.313,0.416
-1.214,1.844,9.390,0.098,-0.339,0.394
-1.233,1.769,9.450,0.088,-0.339,0.375
-1.180,1.760,9.464,0.076,-0.370,0.354
-1.195,1.781,9.529,0.065,-0.376,0.343
-1.293,1.750,9.572,0.059,-0.404,0.347
-1.197,1.798,9.529,0.047,-0.450,0.366
-1.250,1.726,9.517,0.030,-0.476,0.382
-1.322,1.583,9.503,0.015,-0.503,0.412
-1.202,1.566,9.543,0.003,-0.531,0.423
-1.240,1.513,9.598,0.009,-0.561,0.406
-1.302,1.405,9.658,0.034,-0.609,0.390
-1.271,1.346,9.606,0.078,-0.688,0.370
-1.235,1.365,9.522,0.097,-0.730,0.350
-1.211,1.384,9.421,0.102,-0.756,0.335
-1.156,1.468,9.318,0.098,-0.757,0.322
-1.154,1.547,9.340,0.100,-0.747,0.315
-1.207,1.623,9.354,0.114,-0.758,0.313
-1.188,1.707,9.335,0.136,-0.791,0.317
-1.058,1.882,9.275,0.173,-0.843,0.304
-0.965,1.987,9.189,0.195,-0.886,0.282

23.008,-6.206,-3.584,-0.111,1.935,-1.314
25.046,-7.884,-5.533,0.214,2.772,-1.594
26.990,-9.189,-8.818,0.945,4.415,-2.020
27.768,-10.333,-12.139,1.703,6.016,-2.402
27.258,-11.583,-15.596,2.521,7.829,-2.886
24.186,-12.919,-19.865,3.592,8.731,-3.715
20.468,-13.197,-22.594,4.324,8.731,-4.439
16.032,-12.541,-25.230,4.966,8.731,-5.192
9.203,-10.544,-28.592,5.585,8.731,-6.151
3.871,-8.655,-30.684,5.808,8.731,-6.778
-1.130,-6.792,-32.032,5.782,8.731,-7.298
-6.452,-4.448,-32.353,5.389,8.731,-7.806
-9.254,-2.401,-31.943,4.848,8.731,-8.069
-11.897,0.563,-30.267,3.829,8.731,-8.257
-12.945,2.988,-28.199,2.932,8.731,-8.269
-13.180,5.523,-25.917,1.943,8.731,-8.195
-13.108,7.901,-22.419,0.486,8.731,-8.039
-12.960,8.514,-19.407,-0.642,8.731,-7.929
-13.029,8.128,-15.998,-1.730,8.731,-7.830
-13.427,6.026,-10.968,-2.950,8.731,-7.730
-13.858,3.503,-6.646,-3.592,8.731,-7.676
-14.509,0.460,-2.169,-3.956,8.731,-7.609
-15.739,-3.208,4.489,-3.996,8.731,-7.463
-17.020,-4.980,9.594,-3.708,8.731,-7.291
-18.854,-5.780,14.777,-3.193,8.731,-7.021
-22.029,-4.800,21.538,-2.256,8.731,-6.454
-24.785,-2.368,26.087,-1.484,8.731,-5.882
-27.658,0.955,29.928,-0.769,8.731,-5.170
-33.263,15.830,30.490,-0.014,2.348,-1.092
-31.864,15.311,27.873,-0.343,0.802,-0.413
-29.353,12.737,23.935,-0.785,-0.959,0.259
-27.404,10.233,20.959,-1.050,-2.033,0.612
-25.319,7.779,18.150,-1.233,-2.897,0.861
-22.503,5.148,14.930,-1.364,-3.739,1.054
-20.621,3.577,12.864,-1.393,-4.167,1.140
-18.878,2.375,11.116,-1.376,-4.441,1.206
-16.788,1.427,9.325,-1.308,-4.609,1.286
-15.433,1.231,8.430,-1.245,-4.620,1.357
-14.253,1.393,7.824,-1.191,-4.559,1.442
-12.979,1.753,7.408,-1.158,-4.405,1.568
-12.333,1.714,7.477,-1.155,-4.252,1.697
-11.729,1.607,7.779,-1.150,-4.096,1.845
-11.195,1.168,8.514,-1.098,-3.924,2.082
-10.807,0.955,9.172,-1.017,-3.836,2.266
-10.496,0.754,9.924,-0.899,-3.783,2.432
-10.161,0.505,10.915,-0.674,-3.809,2.645
-9.876,0.474,11.559,-0.476,-3.880,2.796
-9.524,0.704,12.301,-0.197,-4.064,2.963
-9.340,1.144,12.814,0.011,-4.282,3.081
-9.043,1.915,13.178,0.197,-4.578,3.199
-8.691,2.938,13.326,0.359,-5.087,3.358
-8.406,3.558,13.192,0.403,-5.549,3.484
-8.035,4.077,12.845,0.396,-6.031,3.603
-7.329,4.843,12.206,0.316,-6.668,3.722
-6.613,5.397,11.605,0.210,-7.116,3.760
-6.009,5.686,10.949,0.074,-7.527,3.749
-5.411,5.734,10.230,-0.088,-7.899,3.704
-4.683,5.452,9.182,-0.331,-8.329,3.627
-4.049,5.160,8.361,-0.520,-8.580,3.567
-3.251,4.640,7.228,-0.775,-8.731,3.485
-2.667,4.108,6.376,-0.966,-8.731,3.443
-2.112,3.565,5.552,-1.143,-8.731,3.413
-1.223,2.775,4.422,-1.375,-8.731,3.386
-0.364,2.097,3.852,-1.537,-8.731,3.364
0.476,1.456,3.407,-1.676,-8.708,3.318
1.504,0.630,2.995,-1.826,-8.566,3.212
2.219,0.093,2.777,-1.905,-8.476,3.083
2.837,-0.474,2.550,-1.948,-8.374,2.928
3.613,-1.147,2.413,-1.953,-8.166,2.697
4.286,-1.628,2.282,-1.915,-7.936,2.515
5.162,-2.229,2.083,-1.845,-7.631,2.329
6.567,-3.397,1.879,-1.735,-7.123,2.062
7.685,-4.369,1.820,-1.656,-6.692,1.853
8.957,-5.291,1.621,-1.560,-6.200,1.633
11.123,-6.689,1.092,-1.390,-5.373,1.299
18.974,-11.219,-1.453,-0.450,-1.027,-0.545
20.581,-12.009,-2.693,0.048,0.366,-1.201
21.584,-12.981,-5.669,0.953,2.466,-2.176
21.201,-13.408,-8.758,1.709,4.215,-2.909
19.295,-13.127,-13.099,2.636,6.698,-3.806
16.920,-12.325,-15.742,3.192,8.544,-4.421
14.030,-11.167,-17.705,3.576,8.731,-4.989
9.811,-9.457,-19.276,3.766,8.731,-5.678
6.493,-8.135,-19.941,3.697,8.731,-6.150
3.017,-6.857,-20.042,3.482,8.731,-6.575
-1.135,-5.054,-19.218,3.032,8.731,-7.035
-3.419,-3.227,-17.983,2.574,8.731,-7.280
-5.064,-0.893,-16.489,1.997,8.731,-7.449
-6.900,2.042,-13.690,1.021,8.731,-7.614
-8.428,3.211,-10.772,0.207,8.731,-7.728
-10.089,3.412,-7.240,-0.578,8.731,-7.829
-12.577,2.444,-1.642,-1.453,8.731,-7.930
-14.583,1.551,3.491,-1.900,8.731,-7.949
-16.637,0.848,9.086,-2.154,8.731,-7.883
-19.965,0.529,17.779,-2.164,8.731,-7.620
-22.778,1.207,24.545,-1.908,8.731,-7.232
-25.711,2.983,30.734,-1.484,8.731,-6.623
-29.255,7.154,37.091,-0.838,8.050,-5.478
-32.039,10.341,39.581,-0.387,5.852,-4.415
-32.714,12.716,39.263,-0.072,3.640,-3.208
-31.170,13.647,36.397,0.136,0.982,-1.807
-28.718,11.756,32.417,0.371,-0.847,-0.845
-25.223,9.191,27.344,0.631,-2.356,-0.055
-20.391,5.753,20.011,1.009,-3.831,0.714
-16.915,3.883,14.674,1.220,-4.483,1.066
-6.381,2.401,-0.994,0.934,-3.715,0.914
-5.339,2.337,-2.016,0.659,-3.084,0.656
-4.583,2.004,-2.392,0.366,-2.410,0.389
-4.096,1.381,-1.982,0.003,-1.513,0.065
-4.101,0.900,-1.061,-0.216,-0.887,-0.135
-4.413,0.555,0.182,-0.334,-0.352,-0.250
-4.731,0.539,2.207,-0.363,0.202,-0.286
-5.025,0.797,3.742,-0.313,0.474,-0.257
-5.346,1.125,5.121,-0.254,0.650,-0.167
-5.727,1.748,6.891,-0.191,0.764,0.036
-5.835,2.270,8.016,-0.168,0.762,0.200
-6.014,2.686,9.026,-0.160,0.709,0.363
-6.199,2.988,10.096,-0.133,0.552,0.594
-6.220,3.141,10.666,-0.104,0.377,0.758
-6.146,3.156,11.032,-0.073,0.166,0.899
-5.887,3.091,11.310,-0.034,-0.143,1.037
-5.614,3.053,11.337,-0.011,-0.383,1.100
-5.318,3.031,11.238,0.002,-0.613,1.129
-5.042,2.887,11.162,0.011,-0.893,1.135
-4.851,2.672,11.009,0.024,-1.106,1.154
-4.549,2.500,10.819,0.032,-1.297,1.162
-4.195,2.205,10.515,0.041,-1.531,1.167
-3.869,2.009,10.190,0.034,-1.672,1.164
-3.634,1.808,9.871,0.014,-1.774,1.140
-3.393,1.437,9.500,-0.013,-1.879,1.088
-3.187,1.159,9.242,-0.026,-1.934,1.038
-2.923,0.915,9.007,-0.038,-1.974,0.978
-2.617,0.587,8.660,-0.068,-1.988,0.885
-2.490,0.321,8.411,-0.097,-1.976,0.816
-2.298,0.124,8.143,-0.131,-1.948,0.747
-2.131,-0.062,7.937,-0.173,-1.881,0.658
-2.047,-0.163,7.827,-0.186,-1.817,0.604
-2.002,-0.244,7.774,-0.179,-1.745,0.564
-1.899,-0.261,7.714,-0.139,-1.649,0.530
-1.860,-0.259,7.673,-0.087,-1.580,0.516
-1.803,-0.235,7.645,0.002,-1.491,0.517
-1.748,-0.196,7.642,0.074,-1.424,0.529
-1.683,-0.089,7.623,0.140,-1.352,0.542
-1.623,0.204,7.606,0.203,-1.242,0.560
-1.580,0.503,7.561,0.217,-1.149,0.570
-1.539,0.836,7.566,0.201,-1.048,0.571
-1.554,1.190,7.599,0.141,-0.907,0.559
-1.671,1.372,7.690,0.078,-0.800,0.542
-1.846,1.520,7.815,0.007,-0.700,0.523
-2.081,1.695,8.001,-0.097,-0.573,0.496
-2.239,1.803,8.179,-0.172,-0.493,0.474
-2.533,1.915,8.423,-0.238,-0.432,0.453
-2.691,2.286,8.868,-0.327,-0.364,0.419
-2.825,2.509,8.727,-0.401,-0.395,0.391
-2.801,2.679,8.736,-0.533,-0.284,0.353
-3.292,2.729,9.433,-0.607,-0.202,0.307
-3.646,2.557,9.838,-0.583,-0.288,0.308
-3.984,2.409,10.156,-0.485,-0.479,0.334
-3.953,2.476,10.154,-0.338,-0.752,0.357
-3.994,2.418,10.127,-0.242,-0.918,0.387
-3.946,2.363,10.094,-0.164,-1.046,0.417
-3.970,2.241,10.104,-0.070,-1.188,0.468
-3.816,2.274,9.991,-0.000,-1.285,0.502
-3.843,2.246,10.048,0.072,-1.361,0.538
-3.706,2.282,9.938,0.178,-1.502,0.596
-3.541,2.358,9.661,0.221,-1.573,0.628
-3.409,2.433,9.483,0.232,-1.604,0.659
-3.249,2.571,9.275,0.217,-1.617,0.679
-3.117,2.739,9.237,0.211,-1.632,0.673
-3.053,2.844,9.175,0.223,-1.677,0.664
-2.883,2.995,8.976,0.244,-1.748,0.651
-2.698,3.069,8.792,0.253,-1.799,0.635
-2.492,3.115,8.578,0.235,-1.822,0.616
-2.263,3.141,8.365,0.179,-1.804,0.588
-2.121,3.055,8.229,0.127,-1.754,0.578
-1.992,2.993,8.215,0.087,-1.677,0.569
-1.937,2.818,8.238,0.078,-1.611,0.577
-1.384,2.504,7.994,0.276,-1.599,0.678
-1.204,2.471,7.922,0.313,-1.565,0.695
-1.044,2.442,7.896,0.345,-1.498,0.717
-0.962,2.397,7.879,0.356,-1.441,0.740
-0.833,2.425,7.834,0.357,-1.376,0.758
-0.716,2.454,7.836,0.349,-1.284,0.766
-0.627,2.488,7.834,0.335,-1.214,0.760
-0.548,2.500,7.812,0.317,-1.142,0.747
-0.436,2.519,7.831,0.286,-1.042,0.715
-0.397,2.509,7.855,0.261,-0.972,0.686
-0.376,2.485,7.884,0.234,-0.903,0.659
-0.338,2.488,7.949,0.202,-0.810,0.619
-0.338,2.500,8.011,0.179,-0.743,0.589
-0.359,2.538,8.078,0.155,-0.678,0.566
-0.395,2.610,8.164,0.110,-0.588,0.560
-0.419,2.665,8.291,0.064,-0.518,0.569
-0.472,2.629,8.449,0.017,-0.463,0.586
-0.594,2.471,8.650,-0.032,-0.425,0.623
-0.661,2.330,8.796,-0.052,-0.429,0.656
-0.680,2.188,8.897,-0.059,-0.448,0.685
-0.673,2.011,8.973,-0.060,-0.479,0.707
-0.675,1.822,8.945,-0.059,-0.499,0.716
-0.515,1.810,9.139,-0.066,-0.486,0.705
-0.309,1.865,8.856,-0.102,-0.504,0.625
-0.575,1.621,8.985,-0.149,-0.390,0.599
-0.532,1.666,9.141,-0.162,-0.357,0.568
-0.702,1.621,9.364,-0.155,-0.366,0.522
-0.785,1.638,9.385,-0.112,-0.461,0.503
-0.747,1.781,9.311,-0.073,-0.541,0.473
-0.773,1.891,9.175,-0.039,-0.612,0.436
-0.728,1.966,9.103,-0.037,-0.620,0.412
-0.809,1.982,9.165,-0.043,-0.614,0.395
-0.812,2.090,9.151,-0.053,-0.628,0.387
-0.828,2.184,9.184,-0.069,-0.614,0.380
-0.927,2.198,9.196,-0.087,-0.614,0.385
-0.900,2.282,9.136,-0.125,-0.601,0.401
-0.869,2.351,9.146,-0.161,-0.561,0.403
-0.864,2.399,9.196,-0.196,-0.531,0.398
-0.828,2.502,9.309,-0.225,-0.503,0.367
-0.927,2.473,9.433,-0.224,-0.530,0.334
-1.018,2.416,9.476,-0.207,-0.619,0.310
-1.032,2.399,9.433,-0.178,-0.756,0.284
-0.974,2.404,9.345,-0.166,-0.828,0.266
-0.864,2.392,9.213,-0.173,-0.863,0.250
-0.778,2.385,9.155,-0.190,-0.845,0.230
-0.795,2.298,9.182,-0.203,-0.814,0.213
-0.826,2.138,9.220,-0.193,-0.798,0.206
-0.802,2.021,9.258,-0.160,-0.804,0.208

19.532,-8.028,-1.439,0.422,0.622,-0.357
22.585,-9.433,-1.903,0.523,0.778,-0.704
24.078,-9.756,-2.418,0.587,0.870,-1.058
24.945,-10.242,-3.388,0.709,0.992,-1.502
27.110,-12.761,-5.811,1.106,1.288,-2.131
29.260,-15.067,-8.310,1.633,1.770,-2.655
31.635,-17.159,-10.951,2.291,2.613,-3.265
34.232,-19.594,-14.844,3.225,4.375,-4.245
34.558,-21.249,-17.925,3.963,6.112,-5.159
33.038,-22.798,-20.961,4.769,8.181,-6.229
28.175,-24.500,-25.872,5.935,8.731,-7.843
23.078,-25.101,-29.839,6.795,8.731,-8.731
16.127,-25.307,-33.143,7.583,8.731,-8.731
4.492,-24.086,-37.227,8.532,8.731,-8.731
-4.673,-21.936,-39.904,8.731,8.731,-8.731
-13.297,-18.998,-41.877,8.731,8.731,-8.731
-22.553,-13.994,-43.321,8.731,8.731,-8.731
-27.682,-10.104,-43.021,8.572,8.731,-8.731
-30.524,-5.452,-41.113,7.678,8.731,-8.731
-30.813,1.829,-38.061,5.803,8.731,-8.731
-29.379,6.531,-34.646,3.997,8.731,-8.731
-25.745,11.408,-28.886,1.438,8.731,-8.731
-22.743,13.130,-24.804,-0.378,8.731,-8.731
-20.152,13.376,-21.488,-2.050,8.731,-8.731
-18.014,10.851,-16.056,-3.958,8.731,-8.731
-18.064,-6.108,5.121,-6.210,8.731,-8.731
-19.096,-9.527,11.054,-5.643,8.731,-8.731
-21.311,-11.236,18.964,-4.452,8.731,-8.731
-23.372,-10.321,24.861,-3.350,8.731,-8.685
-26.545,-6.033,32.264,-1.811,8.731,-7.422
-29.453,-0.797,36.801,-0.730,8.731,-6.269
-32.130,4.784,39.176,0.135,7.867,-4.960
-35.161,11.468,39.184,0.773,5.021,-3.216
-36.926,14.866,37.596,0.924,2.930,-1.936
-37.450,17.181,34.766,0.860,0.958,-0.730
-35.865,17.837,30.105,0.521,-1.322,0.680
-33.413,16.384,26.700,0.191,-2.750,1.516
-30.641,13.913,23.545,-0.118,-3.938,2.132
-27.378,9.874,19.855,-0.379,-5.223,2.693
-25.153,7.061,17.344,-0.424,-6.018,2.968
-23.049,4.796,15.107,-0.373,-6.643,3.146
-20.734,2.684,12.881,-0.175,-7.246,3.312
-19.079,1.793,11.495,0.014,-7.565,3.423
-17.664,1.448,10.424,0.202,-7.769,3.537
-15.830,1.731,9.507,0.378,-7.878,3.689
-14.782,2.219,9.038,0.458,-7.909,3.821
-13.838,2.665,8.712,0.482,-7.889,3.988
-12.742,3.349,8.602,0.479,-7.841,4.238
-11.988,3.689,8.514,0.454,-7.816,4.413
-11.272,3.852,8.346,0.429,-7.797,4.583
-10.185,4.015,8.267,0.404,-7.726,4.749
-9.364,4.164,8.351,0.409,-7.669,4.846
-8.526,4.429,8.511,0.410,-7.595,4.923
-7.640,4.978,8.686,0.374,-7.542,5.046
-7.092,5.385,8.444,0.301,-7.612,5.147
-6.493,5.880,8.100,0.191,-7.705,5.234
-5.959,6.349,7.578,0.009,-7.878,5.325
-5.602,6.404,6.960,-0.148,-8.081,5.416
-5.076,6.385,6.357,-0.322,-8.307,5.501
-4.446,6.024,5.540,-0.539,-8.674,5.603
-3.539,5.856,4.841,-0.698,-8.731,5.645
-2.555,5.648,4.132,-0.856,-8.731,5.604
-1.293,5.030,3.259,-1.065,-8.731,5.476
-0.311,4.515,2.799,-1.233,-8.731,5.315
0.589,3.917,2.526,-1.426,-8.731,5.133
1.908,3.208,2.116,-1.694,-8.731,4.861
2.662,2.624,1.896,-1.919,-8.731,4.640
3.208,1.865,1.662,-2.130,-8.731,4.443
3.716,0.587,1.441,-2.372,-8.423,4.227
4.166,-0.450,1.300,-2.509,-8.072,4.091
4.781,-1.554,1.137,-2.591,-7.790,3.952
15.505,-10.118,-0.704,-2.203,-6.648,2.540
18.550,-11.588,-0.656,-2.064,-6.080,1.947
21.677,-12.412,-0.424,-1.880,-4.905,0.924
24.076,-14.068,-1.259,-1.431,-3.687,0.022
26.952,-16.261,-3.649,-0.635,-2.074,-0.934
29.777,-18.799,-7.293,0.673,0.577,-2.263
30.026,-19.647,-10.151,1.699,2.809,-3.243
28.163,-19.582,-13.463,2.669,5.138,-4.163
23.351,-17.985,-17.648,3.755,8.214,-5.270
19.122,-15.823,-19.937,4.354,8.731,-6.006
14.562,-13.288,-21.830,4.680,8.731,-6.673
7.784,-10.479,-23.753,4.662,8.731,-7.421
3.117,-8.897,-24.308,4.427,8.731,-7.841
-0.496,-7.319,-23.990,4.061,8.731,-8.157
-4.262,-5.061,-22.556,3.376,8.731,-8.447
-6.335,-3.227,-20.616,2.769,8.731,-8.553
-7.645,-1.216,-18.366,2.099,8.731,-8.579
-8.693,1.571,-14.894,1.123,8.731,-8.552
-9.237,3.476,-12.057,0.340,8.731,-8.488
-9.919,4.463,-8.614,-0.463,8.731,-8.410
-10.951,3.917,-3.175,-1.444,8.731,-8.321
-11.906,2.418,1.288,-2.031,8.731,-8.277
-13.554,0.134,8.226,-2.499,8.731,-8.206
-15.012,-1.195,13.769,-2.576,8.731,-8.081
-16.980,-1.920,19.697,-2.429,8.731,-7.856
-20.530,-1.221,27.665,-1.912,8.731,-7.302
-23.183,1.137,32.868,-1.374,8.731,-6.645
-26.571,4.384,37.000,-0.811,8.234,-5.785
-27.789,12.634,31.934,0.546,-1.010,-0.903
-25.091,10.800,27.591,0.708,-2.661,-0.142
-21.730,7.539,21.514,0.867,-4.308,0.592
-19.228,5.358,17.269,0.963,-5.128,0.966
-17.025,3.929,13.671,1.037,-5.662,1.178
-15.285,2.763,10.551,1.121,-6.009,1.324
-12.570,2.579,6.953,1.133,-6.126,1.354
-11.291,2.816,5.171,1.089,-6.028,1.288
-10.159,3.270,3.699,0.992,-5.829,1.225
-8.866,4.104,2.504,0.703,-5.391,1.155
-7.992,4.594,2.160,0.400,-4.989,1.129
-7.597,4.599,2.380,0.098,-4.567,1.164
-6.754,4.480,2.892,-0.252,-4.042,1.272
-6.455,4.238,3.448,-0.487,-3.681,1.346
-6.220,3.656,4.135,-0.669,-3.370,1.470
-5.739,3.024,5.042,-0.843,-3.010,1.669
-5.131,2.887,5.622,-0.924,-2.747,1.812
-4.559,2.617,6.483,-0.960,-2.381,1.978
-4.264,2.210,7.187,-0.911,-2.140,2.142
-3.788,1.978,7.786,-0.798,-1.948,2.294
-3.259,1.633,8.487,-0.557,-1.811,2.460
-2.890,1.425,8.878,-0.326,-1.811,2.558
-2.413,1.379,9.084,-0.072,-1.851,2.622
-2.148,1.334,9.270,0.265,-1.940,2.668
-2.059,1.257,9.263,0.507,-2.055,2.717
-1.676,1.475,9.096,0.728,-2.173,2.751
-1.034,2.033,8.717,0.961,-2.255,2.717
-0.867,2.258,8.562,1.085,-2.298,2.670
-0.637,2.471,8.339,1.175,-2.364,2.632
-0.175,3.000,8.030,1.250,-2.439,2.526
0.103,3.259,7.733,1.261,-2.497,2.409
0.407,3.378,7.400,1.230,-2.529,2.291
0.900,3.503,6.936,1.107,-2.499,2.093
1.118,3.445,6.630,0.953,-2.402,1.920
1.250,3.175,6.433,0.767,-2.265,1.739
1.247,2.842,6.591,0.572,-2.108,1.559
1.367,2.227,6.424,0.347,-1.920,1.321
1.836,1.709,6.117,0.199,-1.756,1.131
2.284,1.228,6.038,0.071,-1.580,0.930
2.512,0.690,6.160,-0.025,-1.366,0.682
2.509,0.297,6.299,-0.034,-1.224,0.523
2.519,-0.036,6.328,0.006,-1.098,0.390
2.751,-0.342,6.220,0.087,-0.908,0.244
3.072,-0.431,6.060,0.126,-0.720,0.132
3.287,-0.594,6.002,0.137,-0.500,0.022
3.479,-0.706,5.942,0.121,-0.173,-0.121
3.460,-0.678,6.036,0.107,0.079,-0.228
3.428,-0.572,6.175,0.101,0.312,-0.334
3.270,-0.244,6.416,0.093,0.594,-0.482
3.036,0.132,6.608,0.078,0.785,-0.575
2.770,0.627,6.821,0.042,0.962,-0.644
2.428,1.314,7.099,-0.041,1.159,-0.706
2.126,1.757,7.302,-0.126,1.282,-0.733
1.808,2.126,7.532,-0.225,1.383,-0.746
1.393,2.478,7.769,-0.370,1.490,-0.756
1.053,2.646,7.980,-0.483,1.557,-0.766
0.730,2.765,8.222,-0.591,1.616,-0.777
0.206,2.808,8.610,-0.713,1.668,-0.795
-0.146,2.808,8.916,-0.779,1.676,-0.805
-0.500,2.902,9.213,-0.822,1.690,-0.826
-0.352,3.041,10.080,-0.787,1.665,-0.817
-1.542,2.892,10.451,-0.775,1.262,-0.949
-0.757,2.784,7.781,-0.855,1.102,-0.859
-1.695,3.170,10.673,-0.784,2.248,-0.871
-2.902,2.521,11.353,-0.533,1.481,-0.869
-3.309,2.413,11.588,-0.244,0.618,-0.745
-2.638,3.041,11.076,0.213,-0.240,-0.580
-2.799,3.086,10.484,0.450,-0.551,-0.451
-2.193,3.285,9.584,0.531,-0.545,-0.305
-2.665,3.182,9.426,0.430,-0.412,-0.146
-2.315,3.263,9.172,0.324,-0.368,0.023
-2.064,3.960,9.524,0.221,-0.247,0.065
-2.057,4.365,9.855,0.230,-0.340,0.040
-1.970,4.451,9.483,0.207,-0.434,-0.012
-2.090,4.451,9.124,0.121,-0.482,-0.051
-2.025,4.587,8.624,-0.079,-0.454,-0.100
-2.217,4.563,8.698,-0.222,-0.320,-0.101
-2.394,4.511,9.002,-0.304,-0.229,-0.092
-2.751,4.214,9.440,-0.307,-0.310,-0.029
-2.629,4.075,9.266,-0.261,-0.491,0.044
-2.191,4.190,8.918,-0.248,-0.560,0.081
-2.133,3.991,8.648,-0.288,-0.553,0.107
-1.781,3.931,8.265,-0.363,-0.459,0.120
-1.903,3.800,8.605,-0.427,-0.228,0.126
-2.059,3.132,9.148,-0.003,-0.584,0.404
-1.702,3.270,8.911,0.066,-0.606,0.444
-1.494,3.314,8.823,0.097,-0.531,0.471
-1.405,3.304,8.835,0.094,-0.459,0.483
-1.420,3.261,8.906,0.078,-0.381,0.503
-1.463,3.136,9.000,0.057,-0.303,0.552
-1.460,3.060,9.079,0.045,-0.255,0.598
-1.453,2.983,9.196,0.043,-0.224,0.646
-1.408,2.928,9.266,0.059,-0.245,0.693
-1.288,2.950,9.232,0.074,-0.264,0.701
-1.185,2.983,9.261,0.100,-0.275,0.682
-1.111,2.940,9.371,0.158,-0.322,0.636
-1.046,2.844,9.390,0.214,-0.390,0.616
-0.962,2.777,9.443,0.264,-0.458,0.615
-0.910,2.655,9.469,0.298,-0.558,0.650
-0.819,2.602,9.313,0.284,-0.606,0.690
-0.764,2.583,9.175,0.239,-0.586,0.737
-0.728,2.540,9.158,0.175,-0.525,0.798
-0.716,2.468,9.313,0.151,-0.503,0.833
-0.692,2.382,9.486,0.167,-0.555,0.849
-0.534,2.274,9.488,0.225,-0.710,0.835
-0.390,2.205,9.352,0.261,-0.809,0.801
-0.249,2.136,9.167,0.264,-0.865,0.748
-0.127,2.066,8.950,0.208,-0.864,0.659
-0.057,2.071,8.897,0.144,-0.825,0.588
-0.031,2.054,8.959,0.088,-0.775,0.517
-0.060,2.028,9.062,0.044,-0.743,0.431
-0.105,2.002,9.103,0.039,-0.750,0.379
-0.113,1.997,9.110,0.052,-0.782,0.337
-0.132,2.014,9.105,0.073,-0.826,0.305
-0.156,2.083,9.045,0.089,-0.878,0.283
-0.069,2.143,8.923,0.082,-0.892,0.285
0.089,2.356,8.930,0.052,-0.884,0.267
0.213,2.500,8.571,-0.038,-0.849,0.212
-0.026,2.392,8.818,-0.099,-0.713,0.205
-0.026,2.442,8.966,-0.124,-0.684,0.183
0.000,2.502,9.158,-0.117,-0.723,0.127
0.031,2.533,9.072,-0.088,-0.805,0.067
-0.072,2.468,9.120,-0.065,-0.812,0.019
-0.117,2.504,9.079,-0.024,-0.850,-0.041
-0.170,2.500,9.084,-0.003,-0.857,-0.057
-0.242,2.504,9.098,0.030,-0.887,-0.034

21.933,-5.914,-1.276,0.307,0.938,-0.644
24.105,-7.171,-2.380,0.510,1.204,-0.886
27.517,-9.012,-4.017,0.825,1.680,-1.278
29.717,-10.369,-5.444,1.095,2.179,-1.654
31.290,-11.514,-7.290,1.446,2.916,-2.097
32.360,-13.096,-10.546,2.095,4.490,-2.803
32.195,-14.425,-13.786,2.752,6.185,-3.435
30.833,-15.692,-17.360,3.504,8.230,-4.170
26.810,-17.291,-21.957,4.542,8.731,-5.298
22.304,-18.081,-25.498,5.300,8.731,-6.236
16.324,-18.814,-29.003,6.019,8.731,-7.232
6.500,-19.326,-33.471,6.956,8.731,-8.541
-1.523,-18.665,-36.373,7.573,8.731,-8.731
-12.158,-16.690,-39.061,8.169,8.731,-8.731
-18.859,-14.540,-40.081,8.387,8.731,-8.731
-23.861,-11.849,-40.527,8.284,8.731,-8.731
-27.284,-7.659,-38.688,7.623,8.731,-8.731
-27.912,-3.737,-36.631,6.809,8.731,-8.731
-27.308,0.747,-33.342,5.771,8.731,-8.731
-23.961,7.575,-28.031,4.223,8.731,-8.731
-20.846,12.352,-24.232,2.847,8.731,-8.731
-18.591,15.751,-20.533,1.383,8.731,-8.731
-17.676,17.075,-15.218,-0.551,8.731,-8.410
-18.545,16.273,-10.008,-1.900,8.731,-8.205
-19.719,13.939,-5.174,-3.097,8.731,-7.866
-26.588,-0.464,31.149,-4.209,8.731,-6.168
-29.576,-1.982,38.829,-3.411,8.731,-5.365
-34.043,-1.120,45.897,-2.049,8.731,-3.916
-36.457,2.411,47.865,-0.998,6.599,-2.677
-38.053,6.539,47.714,-0.094,3.996,-1.443
-37.678,10.846,43.862,0.727,0.624,0.136
-35.652,12.792,39.217,0.907,-1.557,1.090
-33.006,12.835,34.089,0.826,-3.442,1.837
-28.735,11.380,27.430,0.448,-5.394,2.466
-25.991,9.716,23.217,0.136,-6.531,2.718
-23.068,8.049,19.185,-0.150,-7.435,2.810
-19.927,6.002,15.194,-0.425,-8.259,2.693
-18.162,4.472,12.955,-0.508,-8.731,2.513
-16.817,3.041,11.059,-0.513,-8.731,2.313
-15.364,1.707,8.904,-0.442,-8.731,2.077
-14.504,1.123,7.817,-0.367,-8.731,1.976
-13.575,1.080,7.056,-0.286,-8.731,1.937
-12.172,1.312,6.476,-0.211,-8.731,1.952
-11.176,1.528,6.297,-0.175,-8.731,2.000
-10.360,1.604,6.251,-0.153,-8.731,2.061
-9.476,1.532,6.469,-0.118,-8.731,2.181
-8.918,1.377,6.677,-0.079,-8.731,2.275
-8.083,1.326,6.845,-0.026,-8.731,2.353
-6.981,1.439,7.163,0.062,-8.731,2.334
-6.802,1.293,7.523,0.159,-8.731,2.330
-6.479,1.362,7.683,0.266,-8.731,2.346
-6.091,1.788,7.918,0.439,-8.600,2.398
-6.033,2.057,7.982,0.577,-8.560,2.469
-5.772,2.296,7.456,0.734,-8.731,2.584
-5.200,2.753,6.677,0.912,-8.731,2.766
-4.645,3.057,6.005,1.023,-8.731,2.914
-3.620,3.563,4.970,1.091,-8.731,3.031
-2.751,3.795,4.173,1.044,-8.731,3.188
-1.595,4.175,3.323,0.995,-8.731,3.295
-0.448,4.630,2.636,0.898,-8.731,3.314
1.025,5.112,1.721,0.727,-8.731,3.260
2.064,5.303,1.180,0.559,-8.731,3.183
3.405,5.564,0.608,0.351,-8.731,3.075
5.294,5.794,-0.062,-0.011,-8.731,2.864
6.653,5.729,-0.666,-0.348,-8.731,2.720
8.167,5.571,-1.147,-0.750,-8.731,2.601
10.245,5.071,-1.623,-1.337,-8.231,2.446
11.679,4.616,-2.078,-1.758,-7.521,2.326
13.381,3.893,-2.832,-2.129,-6.724,2.194
16.391,2.411,-4.046,-2.569,-5.569,1.928
18.620,1.317,-4.786,-2.892,-4.677,1.585
20.604,0.345,-5.195,-3.149,-3.729,1.092
23.628,-1.863,-6.548,-3.197,-2.142,0.229
25.948,-4.681,-8.164,-3.001,-0.591,-0.554
21.593,-16.527,-16.360,-0.118,8.731,-4.389
17.741,-17.224,-17.746,0.722,8.731,-4.998
14.035,-16.917,-19.245,1.531,8.731,-5.484
9.127,-15.110,-20.822,2.438,8.731,-5.987
5.488,-12.687,-21.612,2.947,8.731,-6.199
2.416,-9.321,-22.096,3.254,8.731,-6.272
-0.869,-3.864,-22.058,3.248,8.731,-6.186
-2.830,0.412,-21.272,2.934,8.731,-6.016
-4.535,4.305,-19.649,2.379,8.731,-5.796
-6.510,8.310,-16.594,1.322,8.731,-5.536
-8.126,9.742,-13.793,0.430,8.731,-5.431
-9.718,9.862,-10.360,-0.430,8.731,-5.402
-11.497,8.416,-5.145,-1.435,8.731,-5.464
-12.505,6.835,-0.855,-2.023,8.731,-5.548
-13.877,4.738,5.401,-2.514,8.731,-5.635
-13.748,4.281,10.757,-2.716,8.731,-5.723
-16.822,2.679,15.641,-2.677,8.731,-5.664
-16.779,3.974,20.937,-2.818,8.731,-5.388
-20.272,5.497,27.648,-2.653,8.731,-5.199
-23.384,6.342,31.864,-2.170,8.731,-4.598
-25.527,8.976,35.037,-1.474,6.260,-3.617
-26.348,10.309,35.664,-1.006,4.124,-2.807
-26.111,10.278,34.577,-0.644,2.131,-1.897
-23.549,9.098,31.127,-0.319,-0.141,-0.780
-21.505,7.398,28.240,-0.155,-1.514,-0.127
-19.230,4.927,24.476,0.053,-2.713,0.510
-15.153,3.029,19.178,0.195,-3.787,1.043
-13.154,1.776,15.929,0.317,-4.332,1.209
-11.241,0.687,12.644,0.415,-4.681,1.316
-8.894,0.115,8.813,0.432,-4.783,1.310
-7.853,-0.120,6.895,0.407,-4.655,1.222
-6.996,-0.318,5.353,0.407,-4.481,1.144
-3.443,-0.220,1.827,0.268,-3.031,0.578
-3.043,-0.524,2.009,0.101,-2.550,0.457
-2.653,-0.699,2.358,-0.149,-1.867,0.298
-2.512,-0.850,3.098,-0.281,-1.344,0.252
-2.207,-0.582,3.788,-0.342,-0.929,0.170
-2.047,-0.254,4.539,-0.338,-0.498,0.082
-1.707,0.330,4.973,-0.302,-0.230,-0.010
-1.633,0.759,5.375,-0.260,-0.005,-0.111
-1.441,1.235,5.825,-0.221,0.262,-0.227
-1.374,1.580,6.246,-0.220,0.476,-0.305
-1.635,1.717,6.780,-0.226,0.647,-0.346
-1.903,1.832,7.286,-0.217,0.783,-0.303
-1.939,2.083,7.599,-0.205,0.855,-0.252
-2.030,2.277,7.942,-0.187,0.890,-0.202
-1.994,2.478,8.353,-0.131,0.869,-0.153
-2.037,2.593,8.717,-0.058,0.803,-0.150
-2.119,2.648,9.057,0.045,0.667,-0.154
-2.155,2.705,9.392,0.209,0.439,-0.148
-2.155,2.729,9.459,0.325,0.282,-0.130
-1.980,2.784,9.328,0.399,0.183,-0.110
-1.717,2.835,9.100,0.382,0.167,-0.113
-1.592,2.832,9.057,0.286,0.216,-0.138
-1.640,2.725,9.182,0.166,0.268,-0.154
-1.776,2.593,9.340,0.023,0.328,-0.139
-1.891,2.521,9.479,-0.038,0.353,-0.108
-2.004,2.421,9.582,-0.060,0.348,-0.064
-2.176,2.260,9.668,-0.035,0.313,0.014
-2.289,2.179,9.668,0.015,0.274,0.082
-2.380,2.105,9.613,0.076,0.236,0.153
-2.394,2.018,9.541,0.154,0.187,0.242
-2.401,2.033,9.474,0.203,0.155,0.295
-2.342,2.081,9.380,0.243,0.129,0.337
-2.327,2.203,9.258,0.266,0.110,0.367
-2.351,2.234,9.203,0.268,0.096,0.388
-2.334,2.346,9.084,0.245,0.091,0.392
-2.500,2.418,9.009,0.192,0.100,0.384
-2.602,2.454,8.926,0.145,0.111,0.377
-2.686,2.581,8.918,0.094,0.130,0.351
-2.875,2.593,8.902,0.046,0.142,0.324
-2.957,2.626,8.806,-0.031,0.153,0.285
-2.962,2.744,8.705,-0.124,0.173,0.221
-3.019,2.756,8.622,-0.247,0.204,0.147
-3.268,2.856,8.686,-0.468,0.323,0.022
-2.871,2.854,8.633,-0.621,0.442,-0.046
-3.558,2.962,9.349,-0.763,0.488,-0.218
-2.591,3.043,6.749,-1.054,0.718,-0.399
-4.293,2.595,9.488,-1.146,1.637,-0.405
-5.277,2.246,10.860,-0.868,1.114,-0.430
-5.602,2.014,10.980,-0.366,-0.116,-0.368
-4.551,2.562,10.360,0.075,-0.698,-0.322
-3.953,2.830,9.254,0.424,-1.017,-0.328
-3.524,2.866,8.382,0.436,-0.916,-0.306
-3.701,2.528,8.437,0.334,-0.748,-0.252
-3.357,2.306,8.112,0.117,-0.454,-0.061
-3.318,2.535,8.969,0.017,-0.181,0.051
-3.311,2.490,9.519,0.075,-0.188,0.143
-3.172,2.399,9.275,0.195,-0.279,0.263
-2.902,2.614,8.799,0.249,-0.320,0.309
-2.662,2.914,8.284,0.224,-0.295,0.273
-2.777,3.136,8.444,0.165,-0.200,0.230
-2.935,3.203,8.763,0.163,-0.186,0.208
-3.091,3.165,9.021,0.205,-0.256,0.220
-2.940,3.278,8.859,0.249,-0.369,0.232
-2.734,3.381,8.353,0.229,-0.448,0.236
-2.423,3.560,7.894,0.121,-0.426,0.203
-2.274,3.689,7.628,-0.023,-0.332,0.136
-2.377,3.610,7.736,-0.173,-0.116,0.057
-2.887,3.230,8.365,-0.180,-0.038,0.060
-2.976,2.964,8.564,-0.090,-0.166,0.111
-2.909,2.732,8.684,0.101,-0.366,0.188
-2.619,2.674,8.471,0.259,-0.519,0.250
-2.057,2.761,7.942,0.342,-0.561,0.269
-1.765,2.801,7.693,0.312,-0.475,0.229
-1.602,2.799,7.606,0.235,-0.390,0.188
-1.542,2.840,7.702,0.155,-0.280,0.145
-1.590,2.926,7.987,0.103,-0.162,0.104
-1.733,2.931,8.152,0.101,-0.122,0.092
-1.791,2.921,8.159,0.113,-0.116,0.105
-1.808,2.983,8.047,0.108,-0.102,0.120
-1.800,3.000,7.968,0.074,-0.061,0.127
-1.779,3.048,8.009,0.035,-0.010,0.120
-1.834,3.062,8.179,0.012,0.043,0.085
-1.966,3.050,8.358,0.030,0.052,0.059
-2.030,3.045,8.432,0.061,0.036,0.036
-2.145,2.919,8.310,0.059,0.050,0.044
-2.100,2.880,8.224,0.010,0.101,0.069
-2.025,2.861,8.121,-0.069,0.191,0.083
-2.184,2.696,8.351,-0.160,0.375,0.139
-2.447,2.583,8.744,-0.160,0.452,0.201
-2.325,2.500,9.002,-0.108,0.454,0.282
-2.418,2.485,9.024,0.014,0.247,0.309
-1.899,2.476,8.205,0.011,0.269,0.319
-2.219,2.308,8.696,-0.011,0.404,0.355
-2.231,2.188,8.780,0.010,0.361,0.356
-2.495,2.121,9.033,0.031,0.361,0.348
-2.514,2.150,8.973,0.068,0.297,0.342
-2.622,2.198,8.914,0.081,0.261,0.313
-2.708,2.284,8.847,0.077,0.226,0.258
-2.871,2.370,8.969,0.061,0.218,0.204
-3.048,2.346,8.969,0.055,0.170,0.167
-3.089,2.449,8.926,0.021,0.143,0.118
-3.158,2.502,9.021,-0.005,0.113,0.080
-3.160,2.502,8.954,-0.042,0.071,0.047
-3.223,2.418,8.832,-0.135,0.067,0.010
-3.278,2.349,8.827,-0.224,0.091,-0.005
-3.230,2.318,8.746,-0.319,0.122,-0.022
-3.194,2.334,8.890,-0.426,0.183,-0.073
-3.261,2.263,9.052,-0.458,0.170,-0.123
-3.266,2.184,9.043,-0.472,0.133,-0.164
-3.278,2.107,9.045,-0.477,0.092,-0.213
-3.211,2.102,8.983,-0.474,0.059,-0.250
-3.122,2.131,8.899,-0.476,0.041,-0.293
-3.191,2.119,8.957,-0.470,0.039,-0.338
-3.302,2.109,9.055,-0.439,0.010,-0.350
-3.357,2.090,9.033,-0.386,-0.044,-0.337
-3.352,2.133,8.938,-0.300,-0.111,-0.300
-3.321,2.169,8.861,-0.234,-0.156,-0.263
-3.012,2.222,8.612,-0.048,-0.122,-0.082
-2.976,2.246,8.657,-0.001,-0.107,-0.043

20.916,-5.765,-1.882,0.834,2.540,-0.584
23.008,-7.453,-3.077,1.229,3.176,-0.945
24.562,-9.029,-4.403,1.641,3.819,-1.262
26.092,-10.994,-6.414,2.289,4.925,-1.747
26.188,-12.139,-7.954,2.806,5.960,-2.162
25.254,-13.048,-9.548,3.373,7.171,-2.607
22.822,-13.781,-11.844,4.232,8.731,-3.224
20.260,-14.126,-13.779,4.930,8.731,-3.717
17.274,-14.250,-16.036,5.627,8.731,-4.244
12.627,-14.059,-19.091,6.492,8.731,-5.011
8.487,-13.762,-21.239,7.078,8.731,-5.636
3.821,-13.290,-23.123,7.607,8.731,-6.270
-2.521,-11.952,-24.998,8.182,8.731,-7.050
-6.993,-10.341,-25.867,8.442,8.731,-7.554
-10.779,-8.361,-26.102,8.491,8.731,-7.956
-13.822,-5.085,-25.558,8.170,8.731,-8.323
-14.758,-2.207,-25.022,7.597,8.731,-8.480
-15.134,0.661,-23.794,6.696,8.731,-8.546
-14.509,4.089,-21.031,5.242,8.731,-8.511
-13.522,6.045,-18.680,4.089,8.731,-8.444
-12.766,7.266,-16.192,2.961,8.731,-8.390
-11.478,8.492,-12.785,1.555,8.731,-8.306
-11.595,8.428,-10.755,0.518,8.731,-8.247
-11.238,8.349,-8.806,-0.466,8.731,-8.130
-11.674,7.271,-4.578,-1.433,8.731,-8.159
-13.015,5.303,-1.118,-1.948,8.731,-8.152
-14.030,3.033,2.200,-2.252,8.731,-8.066
-14.882,0.158,6.931,-2.372,8.731,-7.930
-15.522,-2.131,10.855,-2.316,8.731,-7.769
-22.807,-0.575,31.589,-0.618,8.731,-5.891
-25.323,1.856,34.239,-0.174,7.633,-5.091
-27.727,4.472,35.578,0.209,5.914,-4.166
-30.107,8.143,35.544,0.620,3.561,-2.797
-31.050,10.554,34.302,0.835,1.810,-1.782
-31.137,12.225,31.831,0.934,0.125,-0.816
-29.944,13.238,28.017,0.812,-1.806,0.320
-28.668,13.099,25.326,0.625,-3.067,1.029
-26.997,12.251,22.625,0.410,-4.161,1.648
-24.548,10.439,19.537,0.140,-5.371,2.314
-22.537,8.837,17.624,-0.027,-6.142,2.676
-20.564,7.195,16.113,-0.143,-6.808,2.930
-18.258,5.239,14.578,-0.203,-7.558,3.145
-16.910,4.135,13.719,-0.187,-8.037,3.248
-15.660,3.424,12.900,-0.149,-8.447,3.344
-14.253,2.818,12.043,-0.084,-8.731,3.415
-13.570,2.370,11.377,-0.025,-8.731,3.464
-12.907,1.958,10.602,0.047,-8.731,3.534
-11.909,1.587,9.503,0.146,-8.731,3.596
-11.538,1.171,8.679,0.222,-8.731,3.679
-10.877,1.604,8.088,0.292,-8.731,3.782
-9.857,2.557,7.628,0.377,-8.731,3.854
-9.476,3.060,7.465,0.424,-8.731,3.892
-9.041,3.524,7.123,0.439,-8.731,3.927
-8.447,4.087,6.433,0.423,-8.731,3.947
-7.999,4.413,5.696,0.389,-8.731,3.947
-7.501,4.578,4.851,0.328,-8.731,3.945
-6.694,4.635,3.668,0.214,-8.731,3.928
-6.158,4.377,2.801,0.102,-8.731,3.931
-5.499,4.118,1.944,-0.030,-8.731,3.946
-4.283,3.800,0.893,-0.230,-8.731,3.953
-3.299,3.527,0.180,-0.388,-8.731,3.918
-2.239,3.256,-0.362,-0.548,-8.731,3.849
-0.718,2.969,-0.874,-0.744,-8.731,3.667
0.192,2.631,-1.180,-0.879,-8.731,3.501
1.496,2.270,-1.585,-1.062,-8.731,3.254
2.385,2.009,-1.760,-1.187,-8.731,3.055
3.112,1.611,-1.796,-1.297,-8.731,2.877
4.286,1.008,-1.808,-1.406,-8.731,2.680
5.203,0.476,-1.688,-1.451,-8.731,2.572
6.182,-0.055,-1.535,-1.446,-8.731,2.495
7.525,-0.706,-1.264,-1.366,-8.731,2.429
8.526,-1.044,-1.140,-1.244,-8.731,2.391
9.632,-1.262,-1.111,-1.082,-8.478,2.348
11.581,-1.432,-1.415,-0.830,-8.052,2.260
21.952,-2.502,-3.677,-0.165,-5.217,1.293
25.644,-3.227,-4.717,0.030,-3.757,0.742
28.534,-4.166,-5.756,0.199,-2.444,0.261
31.125,-5.083,-6.869,0.371,-0.998,-0.284
32.844,-6.031,-8.238,0.525,1.121,-1.170
32.508,-6.929,-9.395,0.719,2.869,-1.918
31.371,-7.987,-11.274,1.075,4.713,-2.676
28.460,-9.333,-14.427,1.659,7.248,-3.722
24.943,-10.046,-16.522,2.092,8.731,-4.521
20.502,-10.436,-18.246,2.478,8.731,-5.302
13.652,-10.242,-20.250,2.876,8.731,-6.260
8.540,-9.677,-21.593,3.046,8.731,-6.882
3.912,-9.007,-22.472,3.090,8.731,-7.408
-1.199,-7.875,-22.788,2.940,8.731,-7.944
-3.891,-6.699,-22.501,2.700,8.731,-8.208
-5.653,-5.121,-21.969,2.331,8.731,-8.365
-7.250,-2.619,-20.492,1.643,8.731,-8.418
-7.875,-0.577,-18.950,1.038,8.731,-8.352
-8.183,2.014,-16.577,0.147,8.731,-8.195
-8.274,3.560,-14.650,-0.573,8.731,-8.041
-8.677,4.468,-12.409,-1.321,8.731,-7.882
-9.807,4.482,-8.358,-2.254,8.731,-7.670
-10.827,3.651,-4.884,-2.817,8.731,-7.514
-11.904,2.394,-0.977,-3.218,8.731,-7.355
-13.290,0.560,4.992,-3.487,8.731,-7.117
-14.523,-0.804,10.036,-3.481,8.731,-6.897
-16.046,-1.963,15.495,-3.264,8.731,-6.610
-18.493,-1.982,23.063,-2.685,8.731,-6.097
-20.789,-1.013,27.931,-2.087,8.731,-5.460
-22.829,1.788,31.936,-1.489,8.731,-4.703
-26.226,6.409,35.789,-0.737,7.615,-3.535
-27.074,11.456,28.615,0.510,-0.513,0.625
-23.703,9.002,24.296,0.464,-2.203,1.378
-21.675,6.500,21.232,0.423,-3.223,1.747
-19.285,4.362,17.885,0.414,-4.041,1.960
-16.575,2.251,13.987,0.420,-4.750,1.963
-14.918,0.900,11.341,0.468,-5.107,1.868
-13.029,0.230,8.768,0.492,-5.262,1.685
-11.016,-0.115,6.108,0.453,-5.163,1.342
-9.783,-0.225,4.714,0.415,-4.941,1.099
-8.588,-0.124,3.608,0.368,-4.645,0.881
-6.644,0.450,2.409,0.271,-4.150,0.598
-5.511,0.697,1.808,0.128,-3.692,0.377
-4.439,0.711,1.377,-0.052,-3.184,0.206
-3.338,0.627,1.101,-0.374,-2.409,-0.006
-2.533,0.587,1.168,-0.613,-1.791,-0.135
-1.882,0.524,1.372,-0.826,-1.172,-0.283
-1.556,0.189,2.181,-0.998,-0.377,-0.399
-1.343,0.024,2.830,-1.047,0.147,-0.447
-1.144,-0.010,3.543,-1.028,0.624,-0.465
-1.053,-0.002,4.623,-0.918,1.138,-0.459
-1.077,0.077,5.327,-0.782,1.394,-0.421
-1.173,0.220,6.007,-0.622,1.598,-0.351
-1.405,0.563,6.910,-0.381,1.744,-0.226
-1.563,0.919,7.547,-0.194,1.765,-0.119
-1.721,1.319,8.092,-0.016,1.727,-0.012
-1.911,1.877,8.720,0.187,1.626,0.120
-2.085,2.270,9.098,0.297,1.536,0.193
-2.248,2.648,9.476,0.370,1.448,0.246
-2.442,3.141,9.893,0.416,1.301,0.253
-2.717,3.414,10.228,0.418,1.170,0.227
-2.971,3.637,10.537,0.404,1.004,0.184
-3.235,3.778,10.736,0.353,0.754,0.119
-3.366,3.773,10.798,0.273,0.593,0.080
-3.421,3.694,10.860,0.167,0.446,0.037
-3.508,3.484,10.906,0.012,0.260,-0.018
-3.618,3.251,10.920,-0.088,0.137,-0.035
-3.661,3.010,10.906,-0.152,0.011,-0.034
-3.637,2.729,10.894,-0.162,-0.195,-0.014
-3.553,2.523,10.760,-0.122,-0.367,0.009
-3.460,2.351,10.599,-0.050,-0.536,0.043
-3.201,2.193,10.235,0.075,-0.746,0.093
-2.940,2.126,9.843,0.156,-0.863,0.126
-2.667,2.112,9.455,0.209,-0.933,0.152
-2.325,2.124,8.981,0.226,-0.967,0.169
-2.114,2.160,8.677,0.209,-0.953,0.175
-1.949,2.217,8.430,0.176,-0.914,0.175
-1.781,2.289,8.152,0.131,-0.837,0.175
-1.645,2.354,7.956,0.093,-0.767,0.168
-1.575,2.394,7.781,0.047,-0.681,0.156
-1.554,2.425,7.580,-0.033,-0.543,0.142
-1.537,2.490,7.470,-0.094,-0.431,0.123
-1.590,2.567,7.384,-0.156,-0.321,0.095
-1.712,2.648,7.276,-0.236,-0.171,0.043
-1.796,2.727,7.238,-0.291,-0.064,-0.006
-1.848,2.758,7.140,-0.336,0.029,-0.064
-1.762,2.708,6.879,-0.373,0.133,-0.128
-2.339,3.201,8.006,-0.410,0.284,-0.302
-2.354,3.041,6.718,-0.439,0.051,-0.359
-2.282,3.263,7.120,-0.527,0.960,-0.381
-3.536,3.184,8.921,-0.367,0.846,-0.475
-4.295,2.806,9.469,-0.075,0.090,-0.450
-3.701,3.292,9.055,0.461,-0.721,-0.330
-3.182,3.869,8.294,0.714,-0.946,-0.347
-2.880,3.824,7.295,0.744,-0.877,-0.284
-2.828,3.821,7.209,0.496,-0.590,-0.258
-3.122,3.395,7.137,0.260,-0.376,-0.163
-2.923,3.560,7.640,0.053,-0.087,-0.032
-2.703,3.919,7.800,-0.023,-0.178,-0.060
-2.851,3.828,7.843,-0.138,-0.107,-0.086
-3.041,3.721,8.121,-0.242,-0.000,-0.074
-3.235,3.524,8.499,-0.240,0.004,-0.025
-3.249,3.452,8.655,-0.177,-0.090,0.038
-3.019,3.496,8.344,-0.128,-0.197,0.089
-2.832,3.397,8.071,-0.150,-0.205,0.125
-2.629,3.381,7.827,-0.228,-0.157,0.141
-2.756,3.163,8.011,-0.331,0.048,0.189
-2.916,2.986,8.533,-0.319,0.102,0.242
-3.055,2.751,8.732,-0.234,0.021,0.302
-3.086,2.535,8.744,-0.073,-0.110,0.400
-2.863,2.464,8.480,0.029,-0.193,0.464
-2.528,2.497,8.102,0.055,-0.194,0.488
-2.361,2.540,7.994,-0.022,-0.108,0.444
-2.282,2.507,8.021,-0.095,-0.031,0.395
-2.330,2.504,8.140,-0.160,0.061,0.345
-2.516,2.389,8.334,-0.211,0.161,0.308
-2.768,2.248,8.574,-0.215,0.198,0.313
-2.861,2.191,8.631,-0.192,0.180,0.330
-2.847,2.248,8.622,-0.168,0.163,0.333
-2.840,2.303,8.557,-0.160,0.153,0.310
-2.825,2.361,8.554,-0.158,0.154,0.268
-2.883,2.413,8.686,-0.145,0.147,0.184
-2.969,2.365,8.866,-0.116,0.120,0.134
-2.971,2.339,8.945,-0.076,0.068,0.099
-2.954,2.279,8.866,-0.059,0.011,0.085
-2.806,2.289,8.720,-0.088,0.017,0.090
-2.693,2.306,8.538,-0.167,0.085,0.083
-2.816,2.198,8.622,-0.286,0.249,0.093
-3.007,2.045,8.875,-0.311,0.305,0.119
-2.926,2.150,9.400,-0.274,0.286,0.140
-2.761,2.198,8.916,-0.177,0.031,0.099
-2.971,1.956,8.811,-0.176,0.110,0.095
-3.093,1.937,9.155,-0.145,0.092,0.109
-2.931,1.858,8.959,-0.092,-0.036,0.109
-2.950,1.879,9.057,-0.043,-0.072,0.100
-2.909,2.061,9.014,0.003,-0.144,0.048
-3.012,2.040,8.978,0.071,-0.237,0.006
-2.914,2.157,8.887,0.118,-0.300,-0.026
-2.990,2.169,8.904,0.150,-0.339,-0.051
-2.880,2.186,8.684,0.171,-0.381,-0.044
-2.722,2.370,8.600,0.148,-0.349,-0.054
-2.746,2.401,8.657,0.123,-0.326,-0.058
-2.811,2.313,8.598,0.087,-0.291,-0.028
-2.780,2.363,8.581,0.055,-0.249,0.001
-2.804,2.373,8.631,0.033,-0.220,0.023
-2.622,2.526,8.521,0.010,-0.204,0.026
-2.629,2.638,8.523,-0.007,-0.172,-0.003
-2.756,2.602,8.574,-0.007,-0.173,-0.020
-2.808,2.617,8.480,-0.005,-0.182,-0.041
-2.866,2.617,8.480,-0.008,-0.175,-0.045
-2.878,2.619,8.466,-0.009,-0.172,-0.046

22.158,-4.326,-3.285,0.359,2.076,1.413
23.652,-5.040,-4.650,0.617,2.853,1.290
24.921,-5.890,-6.740,1.011,4.097,1.026
25.240,-6.579,-8.389,1.353,5.205,0.739
25.130,-7.384,-10.046,1.739,6.430,0.376
24.131,-8.717,-12.155,2.316,8.185,-0.232
22.448,-9.833,-13.676,2.757,8.731,-0.801
19.951,-10.949,-15.244,3.218,8.731,-1.450
15.469,-12.390,-17.339,3.872,8.731,-2.423
11.507,-13.194,-18.859,4.392,8.731,-3.205
7.264,-13.439,-20.178,4.924,8.731,-3.990
1.257,-12.910,-21.541,5.611,8.731,-4.984
-3.390,-11.904,-22.302,6.082,8.731,-5.642
-7.769,-10.640,-22.568,6.423,8.731,-6.191
-12.309,-8.672,-22.285,6.650,8.731,-6.706
-14.329,-6.934,-21.507,6.554,8.731,-6.961
-15.265,-5.001,-20.181,6.258,8.731,-7.123
-14.890,-2.334,-18.119,5.610,8.731,-7.245
-14.078,-0.570,-16.173,4.992,8.731,-7.305
-13.343,1.152,-13.252,4.138,8.731,-7.361
-13.309,2.052,-11.080,3.509,8.731,-7.374
-13.688,2.856,-8.514,2.956,8.731,-7.350
-13.982,4.147,-5.301,2.294,8.731,-7.288
-14.284,5.013,-2.696,1.812,8.731,-7.220
-14.736,5.689,-0.069,1.331,8.731,-7.160
-15.428,6.196,3.888,0.728,8.731,-7.084
-16.063,5.878,6.661,0.279,8.731,-6.958
-16.297,5.531,9.785,-0.118,8.731,-6.833
-17.305,4.592,14.861,-0.448,8.731,-6.680
-18.914,3.500,18.534,-0.534,8.731,-6.436
-20.525,3.062,22.192,-0.474,8.731,-6.055
-22.731,3.843,26.779,-0.239,8.731,-5.402
-28.544,9.661,32.544,0.670,2.397,-1.866
-28.220,11.547,30.469,0.709,0.349,-0.678
-27.193,12.304,28.189,0.598,-1.029,0.133
-25.740,12.450,25.805,0.392,-2.237,0.833
-23.846,11.641,22.702,0.073,-3.636,1.602
-22.319,10.683,20.497,-0.158,-4.538,2.093
-20.844,9.833,18.239,-0.367,-5.387,2.433
-18.648,8.471,15.189,-0.698,-6.137,2.754
-17.806,7.046,14.195,-0.873,-6.514,2.979
-16.805,5.703,13.099,-0.936,-6.985,3.147
-15.553,4.166,12.127,-0.884,-7.559,3.305
-14.394,3.340,11.226,-0.770,-7.972,3.371
-13.448,2.567,10.353,-0.644,-8.254,3.400
-12.246,1.863,9.572,-0.468,-8.486,3.400
-11.428,1.487,9.203,-0.326,-8.605,3.390
-10.623,1.350,8.765,-0.189,-8.730,3.381
-9.443,1.556,8.399,-0.010,-8.731,3.368
-8.684,1.899,8.212,0.099,-8.731,3.367
-7.870,2.332,7.827,0.150,-8.731,3.371
-6.828,2.878,7.341,0.140,-8.731,3.378
-6.225,3.141,7.113,0.084,-8.731,3.381
-5.550,3.361,6.857,-0.001,-8.731,3.377
-4.676,3.589,6.694,-0.124,-8.731,3.320
-4.276,3.450,6.325,-0.225,-8.731,3.268
-3.587,3.390,5.763,-0.357,-8.731,3.205
-2.404,3.378,5.138,-0.531,-8.731,3.040
-1.640,3.230,4.635,-0.657,-8.731,2.860
-0.965,2.923,4.130,-0.782,-8.731,2.678
0.254,2.655,3.728,-0.933,-8.731,2.409
0.845,2.291,3.469,-1.019,-8.731,2.225
1.487,1.891,3.122,-1.083,-8.731,2.076
2.279,1.262,2.782,-1.157,-8.731,1.943
2.847,0.843,2.543,-1.194,-8.731,1.876
3.503,0.543,2.306,-1.227,-8.731,1.826
4.233,0.101,2.035,-1.256,-8.731,1.779
4.724,-0.254,1.975,-1.269,-8.731,1.762
5.339,-0.560,1.848,-1.252,-8.611,1.737
5.997,-1.041,1.765,-1.192,-8.255,1.709
6.515,-1.389,1.738,-1.114,-7.993,1.687
7.053,-1.731,1.793,-1.013,-7.739,1.664
7.817,-2.083,1.856,-0.841,-7.422,1.624
8.382,-2.274,1.932,-0.697,-7.173,1.584
8.983,-2.382,1.999,-0.540,-6.884,1.535
9.835,-2.382,2.105,-0.314,-6.416,1.451
10.436,-2.392,2.148,-0.143,-6.029,1.373
11.001,-2.418,2.157,0.021,-5.617,1.294
11.854,-2.421,2.049,0.213,-5.033,1.192
12.637,-2.480,1.856,0.335,-4.552,1.119
13.568,-2.528,1.599,0.425,-4.014,1.034
14.933,-2.531,1.243,0.487,-3.206,0.892
15.965,-2.471,0.979,0.505,-2.492,0.746
16.882,-2.526,0.536,0.524,-1.712,0.561
18.488,-2.842,-0.323,0.571,-0.591,0.241
20.157,-3.692,-3.773,0.794,3.506,-1.723
19.898,-4.377,-5.930,0.996,4.697,-2.281
18.948,-5.306,-8.576,1.302,6.464,-3.046
17.662,-5.820,-10.336,1.524,7.874,-3.639
15.493,-6.309,-11.945,1.700,8.731,-4.246
11.724,-6.960,-13.865,1.898,8.731,-5.053
8.645,-7.135,-14.961,2.014,8.731,-5.627
4.587,-6.711,-16.034,2.087,8.731,-6.311
1.858,-6.153,-16.714,2.069,8.731,-6.749
-0.479,-5.409,-17.092,1.961,8.731,-7.114
-3.115,-4.307,-16.747,1.670,8.731,-7.488
-4.786,-3.476,-15.962,1.385,8.731,-7.692
-6.251,-2.574,-14.815,1.074,8.731,-7.832
-7.563,-0.927,-12.938,0.614,8.731,-7.910
-8.128,0.658,-11.449,0.215,8.731,-7.886
-8.602,2.203,-9.737,-0.233,8.731,-7.812
-9.428,3.608,-6.749,-0.847,8.731,-7.650
-10.075,3.864,-3.888,-1.286,8.731,-7.491
-10.942,3.563,-0.814,-1.670,8.731,-7.311
-12.572,2.686,4.331,-2.015,8.731,-7.024
-14.210,2.023,8.806,-2.103,8.731,-6.747
-15.950,1.487,13.625,-2.019,8.731,-6.383
-19.230,1.422,20.650,-1.675,8.731,-5.764
-21.129,2.210,25.259,-1.287,8.731,-5.085
-24.026,5.143,30.868,-0.714,8.731,-4.042
-26.274,7.807,33.679,-0.239,7.575,-3.090
-27.734,10.575,34.836,0.157,5.694,-2.028
-27.940,13.539,33.806,0.462,3.157,-0.613
-27.071,14.059,31.615,0.489,1.423,0.350
-25.161,13.264,28.539,0.418,-0.112,1.177
-22.963,11.605,25.187,0.294,-1.395,1.815
-20.379,8.442,20.600,0.189,-2.795,2.469
-18.050,6.412,17.133,0.161,-3.563,2.765
-16.120,4.683,14.205,0.189,-4.122,2.902
-8.011,1.360,3.742,0.372,-4.498,2.547
-6.802,1.499,2.449,0.281,-4.164,2.357
-5.301,1.863,1.161,0.100,-3.609,2.052
-4.489,1.927,0.469,-0.079,-3.119,1.810
-3.847,1.836,0.050,-0.268,-2.595,1.584
-2.885,1.563,-0.335,-0.530,-1.852,1.310
-2.229,1.353,-0.378,-0.729,-1.257,1.081
-1.853,0.972,-0.110,-0.896,-0.631,0.871
-1.678,0.453,0.627,-1.024,0.164,0.654
-1.616,0.211,1.238,-1.027,0.673,0.536
-1.549,0.148,1.966,-0.965,1.108,0.432
-1.748,0.096,3.124,-0.799,1.492,0.342
-1.767,0.187,3.862,-0.632,1.666,0.311
-1.765,0.414,4.611,-0.463,1.818,0.285
-1.999,0.692,5.653,-0.249,1.920,0.279
-2.184,0.898,6.388,-0.112,1.965,0.305
-2.397,1.111,7.101,-0.002,1.983,0.334
-2.533,1.496,7.925,0.104,1.952,0.354
-2.686,1.750,8.533,0.152,1.908,0.338
-2.854,1.985,9.098,0.181,1.834,0.296
-3.093,2.291,9.711,0.172,1.706,0.204
-3.290,2.478,10.120,0.131,1.593,0.118
-3.508,2.614,10.501,0.066,1.469,0.026
-3.773,2.598,10.831,-0.011,1.339,-0.059
-4.085,2.459,11.241,-0.118,1.150,-0.147
-4.298,2.282,11.557,-0.176,0.988,-0.190
-4.468,2.057,11.768,-0.199,0.799,-0.214
-4.688,1.721,11.921,-0.175,0.528,-0.207
-4.729,1.492,11.952,-0.114,0.310,-0.179
-4.690,1.202,11.899,0.003,0.009,-0.123
-4.566,1.022,11.739,0.099,-0.209,-0.069
-4.410,0.934,11.478,0.187,-0.397,-0.016
-4.149,0.876,10.965,0.273,-0.593,0.054
-3.929,0.972,10.508,0.295,-0.684,0.082
-3.783,1.099,10.094,0.288,-0.735,0.092
-3.649,1.240,9.771,0.256,-0.756,0.087
-3.543,1.460,9.421,0.195,-0.752,0.049
-3.508,1.585,9.139,0.146,-0.735,0.010
-3.522,1.693,8.890,0.095,-0.699,-0.026
-3.565,1.815,8.588,0.035,-0.637,-0.069
-3.596,1.913,8.387,-0.008,-0.576,-0.103
-3.680,1.973,8.224,-0.044,-0.506,-0.136
-3.757,2.081,8.025,-0.079,-0.407,-0.185
-3.888,2.169,7.954,-0.092,-0.331,-0.226
-4.058,2.375,7.918,-0.079,-0.258,-0.285
-4.223,2.523,7.918,-0.047,-0.230,-0.331
-4.276,2.679,7.755,-0.003,-0.242,-0.374
-3.874,2.966,7.798,0.096,-0.294,-0.395
-5.100,3.172,8.483,0.133,-0.374,-0.558
-4.298,3.184,6.486,0.124,-0.529,-0.544
-4.805,3.491,8.147,0.076,0.080,-0.561
-5.353,3.469,8.598,0.232,-0.349,-0.630
-5.765,3.251,9.009,0.476,-0.610,-0.562
-4.899,4.027,8.576,0.875,-1.081,-0.543
-5.054,4.058,7.740,0.967,-1.135,-0.545
-4.784,4.061,6.934,0.846,-1.024,-0.477
-4.369,4.156,7.063,0.525,-0.768,-0.450
-4.724,3.749,7.319,0.324,-0.591,-0.350
-4.362,3.982,7.705,0.178,-0.398,-0.245
-4.424,4.219,8.320,0.179,-0.382,-0.211
-4.413,4.073,8.241,0.241,-0.464,-0.148
-4.008,4.305,7.700,0.231,-0.496,-0.126
-3.826,4.683,7.250,0.071,-0.418,-0.163
-3.898,4.578,7.286,-0.055,-0.290,-0.139
-4.130,4.329,7.578,-0.149,-0.116,-0.077
-4.190,4.003,8.265,-0.135,-0.104,0.076
-3.821,3.881,8.021,-0.081,-0.232,0.169
-3.606,3.601,7.934,-0.048,-0.225,0.293
-3.352,3.474,7.913,-0.020,-0.251,0.358
-3.057,3.366,7.760,-0.014,-0.225,0.397
-3.165,3.115,8.100,0.028,-0.192,0.452
-2.959,3.007,7.446,0.021,-0.122,0.600
-2.856,3.189,7.276,-0.058,-0.037,0.564
-2.921,3.361,7.379,-0.157,0.112,0.503
-3.115,3.349,7.618,-0.201,0.172,0.470
-3.165,3.275,7.654,-0.233,0.191,0.459
-3.175,3.215,7.649,-0.288,0.240,0.464
-3.215,3.136,7.688,-0.327,0.276,0.472
-3.254,3.053,7.760,-0.357,0.307,0.480
-3.383,2.892,7.884,-0.362,0.310,0.482
-3.397,2.780,7.946,-0.342,0.292,0.472
-3.347,2.705,8.009,-0.308,0.263,0.433
-3.397,2.576,8.131,-0.250,0.204,0.355
-3.433,2.502,8.188,-0.211,0.160,0.296
-3.472,2.471,8.248,-0.185,0.128,0.244
-3.567,2.437,8.294,-0.177,0.100,0.205
-3.438,2.409,8.262,-0.192,0.095,0.186
-3.361,2.346,8.286,-0.234,0.120,0.170
-3.349,2.286,8.490,-0.287,0.163,0.149
-3.361,2.231,8.624,-0.298,0.143,0.129
-3.361,2.186,8.622,-0.291,0.100,0.107
-3.261,2.093,8.543,-0.288,0.058,0.081
-3.077,2.145,8.396,-0.302,0.035,0.042
-3.089,2.025,8.236,-0.334,0.058,0.001
-3.302,1.805,8.600,-0.333,0.087,-0.002
-3.213,1.853,8.624,-0.266,-0.001,-0.022
-3.278,1.803,8.633,-0.173,-0.107,-0.038
-3.273,1.765,8.485,-0.033,-0.263,-0.032
-3.124,1.851,8.277,0.051,-0.342,-0.035
-3.057,1.899,8.112,0.104,-0.369,-0.039
-3.002,1.863,7.994,0.135,-0.354,-0.028
-2.962,1.882,7.946,0.141,-0.326,-0.017
-2.942,1.896,7.879,0.132,-0.281,-0.007
-2.938,1.973,7.898,0.116,-0.216,-0.002
-2.983,2.030,7.870,0.106,-0.178,-0.009
-2.983,2.126,7.810,0.090,-0.138,-0.025

19.020,-6.208,-1.920,2.354,4.826,-1.870
18.979,-6.706,-2.722,2.717,5.571,-2.225
18.158,-7.326,-3.907,3.254,6.659,-2.755
16.937,-7.681,-4.901,3.678,7.515,-3.178
15.249,-7.884,-5.890,4.087,8.389,-3.614
12.459,-7.831,-7.132,4.584,8.731,-4.187
10.053,-7.573,-8.056,4.874,8.731,-4.598
7.489,-7.056,-9.026,5.074,8.731,-4.966
4.259,-6.254,-10.211,5.174,8.731,-5.371
2.076,-5.444,-10.925,5.129,8.731,-5.608
0.230,-4.432,-11.451,4.996,8.731,-5.783
-1.307,-3.065,-11.748,4.713,8.731,-5.919
-1.894,-1.915,-11.995,4.390,8.731,-5.990
-2.500,-0.749,-11.990,3.980,8.731,-6.041
-3.091,0.757,-11.657,3.353,8.731,-6.073
-3.433,1.697,-11.246,2.846,8.731,-6.092
-3.682,2.550,-10.640,2.346,8.731,-6.122
-4.058,3.417,-9.704,1.690,8.731,-6.191
-4.334,3.926,-8.839,1.214,8.731,-6.246
-4.841,4.231,-7.733,0.746,8.731,-6.282
-5.219,4.592,-6.215,0.172,8.731,-6.281
-5.545,4.642,-5.037,-0.230,8.731,-6.270
-5.904,4.329,-3.306,-0.721,8.731,-6.216
-6.304,3.728,-2.011,-1.030,8.731,-6.163
-6.931,2.844,-0.563,-1.270,8.731,-6.095
-7.779,1.630,1.750,-1.450,8.731,-5.964
-8.777,0.606,3.656,-1.483,8.731,-5.836
-9.713,-0.302,5.329,-1.437,8.731,-5.669
-11.176,-1.073,8.408,-1.225,8.731,-5.450
-12.603,-1.489,11.131,-0.961,8.731,-5.266
-14.155,-1.607,13.688,-0.626,8.731,-5.036
-16.149,-0.761,17.169,-0.102,8.731,-4.665
-17.640,0.457,19.558,0.282,8.731,-4.320
-19.036,2.246,21.749,0.609,8.515,-3.920
-20.844,5.246,24.306,0.902,7.016,-3.303
-21.986,7.597,25.673,1.015,5.763,-2.771
-22.831,9.663,26.288,1.022,4.449,-2.212
-23.801,11.497,26.145,0.927,2.660,-1.450
-24.220,12.179,25.280,0.804,1.344,-0.889
-24.136,12.467,23.849,0.634,0.106,-0.355
-20.027,10.202,16.532,-0.448,-4.178,1.583
-18.541,9.012,15.337,-0.658,-4.819,1.836
-16.599,6.960,14.001,-0.877,-5.494,2.085
-15.361,5.523,13.369,-0.970,-5.907,2.235
-14.205,4.489,12.840,-1.014,-6.245,2.356
-13.056,3.682,12.345,-1.008,-6.631,2.498
-12.364,3.366,11.954,-0.984,-6.886,2.595
-11.928,2.931,11.571,-0.942,-7.130,2.706
-11.095,2.504,10.925,-0.841,-7.410,2.838
-10.633,2.093,10.453,-0.737,-7.599,2.917
-10.221,2.021,10.082,-0.628,-7.783,3.004
-9.495,2.119,9.610,-0.490,-8.000,3.116
-8.942,2.124,9.254,-0.385,-8.152,3.169
-8.502,2.002,8.875,-0.290,-8.293,3.212
-7.932,1.812,8.416,-0.172,-8.502,3.265
-7.341,1.820,8.033,-0.094,-8.668,3.286
-6.721,2.004,7.664,-0.018,-8.731,3.284
-6.005,2.270,7.192,0.062,-8.731,3.273
-5.385,2.442,6.634,0.096,-8.731,3.262
-4.760,2.593,6.103,0.105,-8.731,3.232
-3.888,2.746,5.351,0.107,-8.731,3.162
-3.299,2.792,4.793,0.080,-8.731,3.098
-2.658,2.737,4.271,0.039,-8.731,3.038
-1.738,2.595,3.639,-0.022,-8.731,2.939
-1.111,2.389,3.282,-0.065,-8.731,2.856
-0.486,2.167,3.005,-0.095,-8.731,2.774
0.383,2.025,2.720,-0.112,-8.731,2.661
1.046,1.973,2.545,-0.113,-8.731,2.569
1.695,1.894,2.404,-0.111,-8.731,2.474
2.617,1.803,2.203,-0.121,-8.731,2.342
3.330,1.767,2.114,-0.144,-8.731,2.234
4.118,1.784,2.016,-0.185,-8.731,2.119
5.150,1.762,1.975,-0.265,-8.731,1.952
5.873,1.709,1.982,-0.337,-8.731,1.827
6.515,1.628,2.028,-0.412,-8.400,1.710
7.367,1.530,2.081,-0.498,-7.804,1.570
7.932,1.429,2.143,-0.552,-7.337,1.478
8.514,1.341,2.174,-0.595,-6.871,1.398
9.225,1.233,2.310,-0.630,-6.220,1.300
9.728,1.149,2.356,-0.629,-5.755,1.231
10.264,1.065,2.382,-0.613,-5.303,1.163
10.973,0.960,2.456,-0.567,-4.710,1.065
11.571,0.915,2.452,-0.523,-4.278,0.985
12.254,0.871,2.389,-0.477,-3.837,0.892
13.350,0.680,2.133,-0.421,-3.211,0.745
14.303,0.373,1.856,-0.379,-2.682,0.608
15.234,-0.086,1.621,-0.334,-2.116,0.440
16.249,-0.620,1.178,-0.264,-1.300,0.173
17.047,-0.891,0.587,-0.189,-0.612,-0.046
18.004,-1.214,-0.072,-0.092,0.153,-0.297
19.089,-1.602,-0.883,0.058,1.255,-0.716
19.391,-1.714,-1.460,0.196,2.125,-1.085
19.340,-1.832,-2.330,0.356,3.061,-1.491
18.651,-2.152,-3.850,0.554,4.439,-2.099
17.684,-2.361,-5.083,0.673,5.536,-2.605
16.412,-2.497,-6.246,0.766,6.660,-3.137
14.454,-2.602,-7.664,0.872,8.167,-3.842
4.956,-4.666,-12.072,0.890,8.731,-5.910
1.736,-4.829,-12.538,0.856,8.731,-6.412
-0.316,-4.487,-12.718,0.828,8.731,-6.727
-2.076,-3.862,-12.862,0.775,8.731,-6.973
-4.108,-2.576,-12.519,0.631,8.731,-7.173
-5.267,-1.058,-11.947,0.446,8.731,-7.226
-6.096,0.694,-11.052,0.162,8.731,-7.218
-6.993,2.878,-9.622,-0.342,8.731,-7.154
-7.858,4.046,-8.399,-0.793,8.731,-7.080
-8.844,4.812,-6.821,-1.262,8.731,-6.969
-10.080,5.152,-4.257,-1.858,8.731,-6.785
-11.071,4.853,-1.978,-2.230,8.731,-6.640
-12.421,4.008,1.769,-2.597,8.731,-6.422
-13.317,3.235,4.992,-2.764,8.731,-6.231
-14.262,2.380,8.569,-2.831,8.731,-6.010
-15.771,1.408,13.965,-2.737,8.731,-5.643
-17.147,1.259,18.340,-2.523,8.731,-5.278
-18.636,1.827,22.743,-2.215,8.731,-4.804
-20.880,3.670,27.780,-1.739,8.731,-3.979
-22.470,5.495,30.399,-1.353,7.582,-3.197
-23.808,7.819,32.207,-1.059,6.024,-2.425
-25.022,8.902,31.553,-0.702,3.628,-1.169
-24.304,9.778,29.961,-0.589,2.482,-0.357
-24.545,9.615,29.073,-0.369,1.204,0.282
-23.657,8.028,25.903,0.084,-1.070,1.187
-21.699,7.247,22.934,0.450,-2.608,1.763
-19.470,6.574,19.965,0.752,-3.840,2.149
-16.826,4.714,16.611,1.036,-5.018,2.659
-14.267,3.766,14.030,1.091,-5.549,2.877
-12.263,2.763,11.839,1.013,-5.864,2.939
-10.048,1.324,9.335,0.792,-5.988,2.887
-8.780,0.728,8.076,0.614,-5.970,2.721
-7.570,0.450,6.706,0.412,-5.875,2.438
-6.814,-0.005,5.559,0.153,-5.620,2.016
-6.024,-0.321,4.594,-0.021,-5.371,1.730
-5.504,-0.455,4.199,-0.195,-4.995,1.442
-4.877,-0.771,3.888,-0.337,-4.504,1.156
-4.228,-0.735,3.826,-0.394,-4.128,0.978
-2.085,-0.438,4.271,-0.233,-2.676,0.542
-1.310,-0.079,4.044,-0.188,-2.378,0.467
-1.159,-0.189,4.278,-0.154,-1.948,0.443
-1.298,-0.438,5.090,-0.028,-1.502,0.504
-1.120,-0.431,5.521,0.129,-1.351,0.574
-0.814,-0.151,5.895,0.346,-1.322,0.613
-0.395,0.168,5.971,0.645,-1.334,0.637
0.172,0.500,5.667,0.811,-1.221,0.629
0.843,1.080,5.267,0.853,-0.974,0.540
0.869,1.439,5.325,0.743,-0.505,0.369
0.745,1.535,5.593,0.616,-0.164,0.282
0.797,1.844,5.835,0.481,0.149,0.196
0.685,2.251,6.182,0.314,0.508,0.077
0.532,2.428,6.354,0.207,0.730,0.003
0.373,2.602,6.570,0.120,0.919,-0.062
0.153,2.775,6.802,0.060,1.065,-0.119
-0.151,2.950,7.149,0.027,1.167,-0.184
-0.402,2.995,7.396,0.029,1.187,-0.204
-0.622,3.041,7.628,0.042,1.193,-0.204
-0.773,3.117,7.841,0.065,1.167,-0.191
-0.907,3.091,8.011,0.070,1.152,-0.172
-1.015,3.000,8.131,0.050,1.150,-0.144
-1.109,2.878,8.126,-0.035,1.178,-0.117
-1.128,2.883,8.210,-0.135,1.228,-0.125
-1.199,2.885,8.423,-0.241,1.282,-0.152
-1.405,2.914,8.849,-0.352,1.323,-0.212
-1.645,2.883,9.208,-0.390,1.303,-0.250
-1.841,2.875,9.543,-0.399,1.235,-0.276
-1.973,2.942,9.670,-0.411,1.105,-0.305
-2.006,3.055,9.584,-0.457,1.033,-0.334
-2.069,3.203,9.464,-0.540,1.009,-0.369
-2.248,3.390,9.534,-0.665,1.037,-0.418
-2.509,3.438,9.804,-0.721,1.041,-0.446
-2.842,3.428,10.120,-0.712,0.967,-0.451
-3.232,3.407,10.336,-0.605,0.735,-0.422
-3.498,3.390,10.321,-0.481,0.499,-0.376
-3.620,3.464,10.036,-0.312,0.173,-0.301
-3.543,3.603,9.735,-0.210,-0.034,-0.246
-3.352,3.512,9.392,-0.103,-0.256,-0.164
-3.627,3.998,10.120,-0.047,-0.483,-0.182
-2.612,4.118,7.863,-0.110,-0.642,-0.165
-2.638,4.216,8.282,-0.211,-0.127,-0.142
-3.644,4.147,9.960,-0.155,-0.349,-0.139
-3.986,3.948,10.127,-0.037,-0.714,-0.069
-3.725,4.027,9.675,0.128,-1.088,0.018
-3.706,4.130,9.081,0.263,-1.362,0.062
-3.567,3.991,8.425,0.282,-1.420,0.136
-3.476,4.003,8.320,0.231,-1.359,0.188
-3.634,3.689,8.272,0.163,-1.336,0.271
-3.426,3.670,8.224,0.099,-1.264,0.319
-3.469,3.613,8.413,0.057,-1.222,0.348
-3.251,3.519,8.131,0.015,-1.217,0.374
-3.074,3.563,7.901,-0.055,-1.139,0.356
-3.033,3.548,7.764,-0.122,-1.022,0.339
-3.239,3.338,7.961,-0.174,-0.802,0.354
-3.397,3.223,8.394,-0.153,-0.741,0.388
-3.484,3.127,8.610,-0.089,-0.795,0.434
-3.328,3.098,8.466,0.028,-0.947,0.517
-3.048,3.225,8.193,0.091,-0.994,0.559
-2.825,3.335,7.958,0.115,-0.979,0.578
-2.619,3.330,7.719,0.087,-0.878,0.586
-2.598,3.290,7.769,0.054,-0.748,0.598
-2.698,3.194,8.006,0.042,-0.632,0.622
-2.763,2.971,8.241,0.076,-0.592,0.684
-2.713,2.954,8.408,0.130,-0.596,0.716
-2.734,2.804,8.464,0.202,-0.657,0.755
-2.406,2.770,8.159,0.276,-0.687,0.794
-2.203,2.832,8.049,0.289,-0.640,0.782
-2.025,2.907,7.956,0.268,-0.572,0.742
-2.021,2.868,7.963,0.203,-0.455,0.689
-2.002,2.859,7.987,0.145,-0.370,0.660
-2.014,2.868,8.085,0.084,-0.270,0.631
-2.078,2.808,8.279,0.020,-0.181,0.613
-2.073,2.772,8.349,-0.015,-0.136,0.604
-2.006,2.787,8.411,-0.038,-0.101,0.591
-1.970,2.823,8.581,-0.041,-0.077,0.549
-2.002,2.782,8.679,-0.022,-0.100,0.516
-1.997,2.758,8.741,0.005,-0.134,0.485
-1.973,2.710,8.763,0.037,-0.188,0.456
-1.937,2.674,8.760,0.044,-0.215,0.446
-1.839,2.658,8.708,0.027,-0.225,0.440
-1.695,2.638,8.610,-0.042,-0.186,0.423
-1.697,2.612,8.638,-0.114,-0.122,0.421
-1.717,2.607,8.777,-0.177,-0.062,0.420
-1.750,2.600,9.007,-0.218,-0.043,0.405
-1.784,2.588,9.108,-0.218,-0.076,0.390
-1.772,2.626,9.165,-0.205,-0.132,0.373
-1.750,2.727,9.115,-0.206,-0.209,0.351
-1.688,2.811,9.007,-0.242,-0.236,0.335
-1.662,2.861,8.971,-0.306,-0.229,0.318

20.791,-5.188,-0.819,1.673,3.424,-2.155
20.791,-5.509,-1.879,1.908,4.096,-2.569
20.437,-5.957,-3.661,2.239,5.150,-3.179
19.776,-6.191,-4.978,2.476,6.032,-3.688
18.443,-6.136,-6.189,2.685,6.975,-4.238
15.704,-5.914,-7.752,2.923,8.318,-4.999
13.190,-5.859,-9.007,3.086,8.731,-5.560
9.625,-5.780,-10.592,3.252,8.731,-6.231
6.919,-5.552,-11.830,3.291,8.731,-6.655
4.250,-5.301,-12.756,3.232,8.731,-7.008
1.085,-4.889,-13.522,3.039,8.731,-7.354
-0.790,-4.453,-13.968,2.806,8.731,-7.526
-2.375,-3.912,-14.042,2.495,8.731,-7.636
-3.821,-2.916,-13.764,2.006,8.731,-7.695
-4.594,-1.956,-13.307,1.546,8.731,-7.678
-4.990,-0.915,-12.426,1.047,8.731,-7.602
-4.915,0.373,-11.169,0.367,8.731,-7.465
-4.920,0.891,-10.092,-0.125,8.731,-7.368
-4.903,1.499,-8.758,-0.577,8.731,-7.254
-4.731,2.263,-6.919,-1.158,8.731,-7.069
-4.606,2.602,-5.665,-1.537,8.731,-6.904
-5.071,2.835,-3.709,-1.855,8.731,-6.835
-5.732,2.172,-3.048,-2.276,8.731,-6.615
-6.282,1.760,-0.776,-2.451,8.731,-6.470
-7.702,1.164,2.957,-2.454,8.731,-6.320
-8.574,0.788,5.440,-2.349,8.731,-6.105
-9.067,0.836,7.530,-2.179,8.731,-5.817
-9.756,1.046,10.338,-1.996,8.731,-5.398
-10.269,1.199,12.708,-1.919,8.731,-5.052
-11.135,1.231,15.502,-1.866,8.731,-4.701
-13.125,1.221,19.427,-1.688,8.731,-4.129
-14.483,1.808,21.835,-1.470,8.731,-3.653
-15.945,2.861,23.918,-1.205,7.756,-3.149
-17.765,4.676,25.874,-0.833,6.214,-2.429
-18.888,6.105,26.590,-0.586,4.983,-1.857
-20.147,7.252,26.803,-0.384,3.732,-1.284
-21.466,8.159,26.164,-0.144,2.064,-0.493
-20.049,8.950,19.201,0.260,-2.596,1.483
-18.692,8.712,17.095,0.140,-3.560,1.880
-17.447,8.315,15.744,0.022,-4.174,2.106
-16.237,7.594,14.794,-0.093,-4.692,2.286
-14.552,6.438,13.434,-0.225,-5.302,2.447
-13.582,5.361,12.706,-0.289,-5.657,2.545
-12.634,4.456,12.050,-0.309,-5.972,2.627
-11.574,3.500,11.411,-0.284,-6.282,2.707
-10.798,2.940,10.982,-0.230,-6.474,2.765
-10.099,2.380,10.678,-0.156,-6.612,2.823
-9.194,1.736,10.355,-0.018,-6.747,2.904
-8.631,1.286,10.111,0.101,-6.807,2.975
-8.272,0.809,9.965,0.231,-6.833,3.095
-7.254,1.080,9.752,0.443,-6.804,3.210
-6.706,1.415,9.708,0.614,-6.776,3.247
-6.536,1.532,9.728,0.786,-6.827,3.318
-5.940,1.824,9.409,1.013,-6.987,3.426
-5.454,2.069,9.225,1.182,-7.142,3.483
-5.035,2.188,8.995,1.341,-7.390,3.550
-4.310,2.466,8.557,1.512,-7.743,3.659
-3.718,2.777,8.234,1.605,-7.984,3.734
-3.151,3.069,7.772,1.645,-8.215,3.810
-2.593,3.297,7.190,1.620,-8.467,3.928
-1.978,3.637,6.711,1.557,-8.622,4.015
-1.180,4.128,6.189,1.464,-8.731,4.061
-0.376,4.556,5.528,1.292,-8.731,4.070
0.134,4.705,5.042,1.121,-8.731,4.052
0.706,4.808,4.537,0.925,-8.731,4.014
1.231,4.860,4.183,0.714,-8.668,3.952
1.829,4.793,3.709,0.431,-8.460,3.851
2.330,4.669,3.428,0.228,-8.275,3.765
2.792,4.436,3.251,0.042,-8.088,3.675
3.443,3.960,3.050,-0.184,-7.874,3.569
3.984,3.541,2.911,-0.342,-7.733,3.505
4.573,3.115,2.780,-0.488,-7.583,3.444
5.454,2.583,2.689,-0.659,-7.339,3.345
6.091,2.200,2.670,-0.761,-7.115,3.255
6.718,1.803,2.643,-0.846,-6.854,3.151
7.420,1.274,2.660,-0.940,-6.441,2.997
8.004,0.931,2.653,-1.000,-6.100,2.873
8.531,0.649,2.717,-1.044,-5.704,2.732
9.155,0.306,2.787,-1.069,-5.162,2.528
9.550,0.096,2.849,-1.067,-4.748,2.358
9.795,-0.148,2.828,-1.058,-4.349,2.192
10.120,-0.402,2.854,-1.031,-3.831,1.978
10.266,-0.584,2.861,-1.009,-3.457,1.828
10.388,-0.747,2.863,-0.985,-3.095,1.695
10.566,-0.876,2.873,-0.955,-2.629,1.532
10.652,-0.962,2.883,-0.935,-2.307,1.415
10.779,-1.020,2.859,-0.922,-2.003,1.298
11.159,-1.063,2.739,-0.903,-1.594,1.128
11.681,-1.137,2.574,-0.882,-1.266,0.974
12.495,-1.331,2.239,-0.844,-0.928,0.793
14.061,-1.946,1.729,-0.763,-0.471,0.504
15.419,-2.674,1.520,-0.679,-0.153,0.250
16.721,-3.369,1.465,-0.595,0.151,-0.037
18.184,-4.022,1.137,-0.462,0.630,-0.450
18.593,-4.317,0.153,-0.327,1.078,-0.829
19.156,-4.549,-1.642,-0.172,1.605,-1.219
20.159,-5.160,-2.931,0.026,2.987,-1.815
20.305,-5.746,-4.597,0.269,4.019,-2.338
19.180,-5.914,-7.254,0.465,5.287,-3.143
17.691,-5.507,-8.600,0.573,6.506,-3.783
16.197,-5.476,-10.137,0.729,7.804,-4.406
5.753,-9.483,-16.534,0.946,8.731,-7.067
3.227,-9.960,-16.905,0.927,8.731,-7.499
1.101,-9.833,-17.133,0.878,8.731,-7.843
-1.168,-8.679,-16.874,0.727,8.731,-8.161
-2.631,-7.163,-16.056,0.545,8.731,-8.294
-3.658,-5.164,-14.952,0.292,8.731,-8.324
-4.626,-2.574,-13.271,-0.142,8.731,-8.277
-5.693,-1.156,-11.794,-0.518,8.731,-8.213
-7.503,-0.201,-8.806,-1.005,8.731,-8.072
-8.665,0.400,-5.844,-1.325,8.731,-7.936
-9.692,1.123,-2.380,-1.614,8.731,-7.784
-11.365,2.224,2.727,-1.961,8.731,-7.530
-12.191,3.472,7.130,-2.214,8.731,-7.288
-14.348,4.415,12.203,-2.431,8.731,-7.027
-16.539,5.737,18.457,-2.715,8.731,-6.407
-19.431,7.080,25.017,-2.768,8.731,-5.868
-23.274,7.453,30.430,-2.516,8.731,-5.178
-28.091,7.427,34.907,-1.768,7.643,-3.895
-30.188,7.554,35.767,-1.022,5.400,-2.819
-31.417,7.345,34.886,-0.253,3.259,-1.743
-30.588,6.993,31.532,0.678,0.696,-0.431
-28.671,6.857,28.235,1.216,-0.927,0.348
-26.190,6.601,24.541,1.611,-2.329,0.972
-22.297,6.498,19.058,1.829,-3.729,1.463
-19.611,6.246,15.055,1.798,-4.468,1.595
-16.781,5.986,10.913,1.601,-4.940,1.528
-13.534,5.399,6.282,1.098,-5.095,1.187
-11.475,4.676,3.646,0.651,-4.937,0.844
-9.500,3.773,1.688,0.211,-4.591,0.470
-7.163,2.409,0.232,-0.273,-3.930,-0.039
-5.674,1.161,-0.227,-0.504,-3.380,-0.373
-4.211,0.069,-0.448,-0.645,-2.793,-0.660
-2.768,-1.190,-0.263,-0.738,-1.929,-0.960
-2.109,-1.858,0.180,-0.751,-1.261,-1.091
-1.650,-2.200,1.219,-0.715,-0.374,-1.141
-2.344,-0.414,6.309,-0.009,1.425,-0.459
-2.703,0.713,7.491,0.236,1.586,-0.156
-2.959,1.554,8.272,0.376,1.636,0.054
-3.247,2.291,9.019,0.480,1.632,0.244
-3.567,2.854,9.675,0.551,1.576,0.418
-3.965,3.361,10.511,0.609,1.432,0.614
-4.180,3.551,10.946,0.640,1.263,0.730
-4.362,3.620,11.327,0.663,1.069,0.824
-4.305,3.891,11.497,0.673,0.759,0.846
-4.355,3.910,11.559,0.663,0.527,0.811
-4.312,3.934,11.530,0.645,0.278,0.746
-4.108,3.958,11.382,0.597,-0.040,0.608
-3.977,3.871,11.238,0.550,-0.279,0.498
-3.694,3.771,10.918,0.483,-0.490,0.390
-3.311,3.615,10.441,0.360,-0.714,0.239
-3.005,3.419,10.060,0.252,-0.836,0.128
-2.737,3.179,9.687,0.145,-0.920,0.023
-2.497,2.806,9.251,0.027,-0.982,-0.087
-2.327,2.550,8.976,-0.036,-0.995,-0.150
-2.181,2.315,8.753,-0.068,-0.990,-0.197
-2.054,2.049,8.531,-0.062,-0.966,-0.232
-1.958,1.896,8.384,-0.029,-0.940,-0.235
-1.858,1.829,8.224,0.013,-0.900,-0.227
-1.769,1.851,8.073,0.069,-0.822,-0.207
-1.736,1.920,8.006,0.107,-0.751,-0.184
-1.721,2.049,7.922,0.140,-0.672,-0.161
-1.784,2.270,7.894,0.176,-0.563,-0.138
-1.930,2.377,7.942,0.206,-0.491,-0.113
-2.085,2.502,7.975,0.237,-0.426,-0.079
-2.289,2.720,8.054,0.274,-0.347,-0.037
-2.454,2.921,8.119,0.296,-0.298,-0.013
-2.641,3.132,8.171,0.309,-0.260,0.007
-2.842,3.431,8.243,0.316,-0.229,0.021
-2.983,3.675,8.303,0.309,-0.221,0.016
-3.151,3.888,8.339,0.292,-0.221,0.006
-3.359,4.123,8.389,0.249,-0.230,-0.011
-3.539,4.243,8.447,0.202,-0.241,-0.023
-3.725,4.300,8.511,0.153,-0.256,-0.028
-3.950,4.367,8.593,0.100,-0.295,-0.025
-4.080,4.403,8.657,0.073,-0.338,-0.020
-4.164,4.436,8.701,0.058,-0.393,-0.014
-4.264,4.482,8.746,0.054,-0.484,-0.009
-4.288,4.520,8.744,0.053,-0.557,-0.008
-4.276,4.518,8.734,0.044,-0.625,-0.003
-4.190,4.480,8.760,0.019,-0.698,0.017
-4.113,4.405,8.772,-0.005,-0.743,0.038
-4.056,4.295,8.789,-0.029,-0.783,0.067
-3.941,4.164,8.823,-0.050,-0.836,0.115
-3.840,4.063,8.854,-0.054,-0.875,0.153
-3.735,3.912,8.892,-0.043,-0.924,0.208
-3.651,3.778,8.916,-0.025,-0.962,0.254
-3.548,3.651,8.916,-0.001,-0.996,0.310
-3.433,3.522,8.868,0.030,-1.030,0.386
-3.345,3.440,8.796,0.050,-1.046,0.444
-3.220,3.381,8.708,0.065,-1.054,0.498
-2.988,3.321,8.586,0.079,-1.055,0.555
-2.823,3.287,8.533,0.081,-1.043,0.588
-2.698,3.244,8.487,0.076,-1.025,0.613
-2.607,3.189,8.420,0.068,-1.000,0.632
-2.497,3.096,8.329,0.060,-0.962,0.657
-2.411,3.033,8.270,0.056,-0.932,0.673
-2.330,2.950,8.207,0.055,-0.899,0.685
-2.222,2.830,8.147,0.054,-0.849,0.697
-2.128,2.751,8.090,0.053,-0.806,0.698
-2.037,2.677,8.035,0.050,-0.758,0.693
-1.946,2.600,7.989,0.045,-0.687,0.674
-1.903,2.531,7.920,0.039,-0.631,0.654
-1.858,2.478,7.901,0.032,-0.572,0.629
-1.803,2.401,7.930,0.023,-0.492,0.590
-1.760,2.358,7.966,0.019,-0.433,0.559
-1.736,2.325,7.994,0.018,-0.378,0.524
-1.709,2.330,8.023,0.022,-0.316,0.473
-1.662,2.368,8.045,0.027,-0.278,0.432
-1.635,2.397,8.071,0.032,-0.245,0.390
-1.590,2.464,8.102,0.034,-0.208,0.338
-1.547,2.519,8.107,0.030,-0.181,0.304
-1.516,2.567,8.121,0.023,-0.156,0.272
-1.520,2.617,8.138,0.009,-0.125,0.238
-1.504,2.667,8.162,-0.003,-0.103,0.216
-1.487,2.710,8.186,-0.013,-0.086,0.193
-1.484,2.708,8.243,-0.022,-0.067,0.164
-1.477,2.701,8.272,-0.025,-0.058,0.141
-1.496,2.689,8.291,-0.025,-0.049,0.118
-1.544,2.670,8.322,-0.020,-0.042,0.090
-1.563,2.682,8.337,-0.016,-0.036,0.072
-1.587,2.686,8.337,-0.013,-0.030,0.056
-1.604,2.761,8.377,-0.012,-0.022,0.039
-1.590,2.813,8.373,-0.014,-0.020,0.027
-1.585,2.837,8.389,-0.018,-0.021,0.015

